label_no,huid,item_name,category,purity,gross_weight,net_weight,stone_weight,fine_weight,pieces,design_code,certificate_no,supplier_id,location,slab_id,created_at
LBL00001,H828834,PENDANT LBL00001,PENDANT,916,8.961,8.444,0.0,7.735,1,DES1301,,5012,MAIN_STORE,10,2025-11-24 11:50:04.878763
LBL00002,H711324,RING LBL00002,RING,750,6.59,6.146,0.094,4.609,1,DES9631,,5001,MAIN_STORE,8,2025-11-24 11:50:04.881920
LBL00003,H367865,CHAIN LBL00003,CHAIN,916,4.863,4.577,0.034,4.193,1,DES3790,,5001,MAIN_STORE,1,2025-11-24 11:50:04.884677
LBL00004,H397809,RING LBL00004,RING,916,1.104,0.895,0.011,0.82,1,DES4288,,5019,MAIN_STORE,6,2025-11-24 11:50:04.887345
LBL00005,H384459,PENDANT LBL00005,PENDANT,750,5.684,5.296,0.086,3.972,1,DES1869,,5014,MAIN_STORE,10,2025-11-24 11:50:04.890007
LBL00006,H786563,NECKLACE LBL00006,NECKLACE,750,5.565,5.167,0.002,3.875,1,DES1136,,5002,MAIN_STORE,10,2025-11-24 11:50:04.892915
LBL00007,H507523,PENDANT LBL00007,PENDANT,916,4.247,4.175,0.046,3.824,1,DES5445,,5011,MAIN_STORE,10,2025-11-24 11:50:04.895925
LBL00008,H213132,BANGLE LBL00008,BANGLE,916,6.58,6.38,0.032,5.844,1,DES1312,,5009,MAIN_STORE,19,2025-11-24 11:50:04.898521
LBL00009,H780956,BANGLE LBL00009,BANGLE,916,15.392,14.974,0.028,13.716,1,DES7332,,5007,MAIN_STORE,20,2025-11-24 11:50:04.900958
LBL00010,H499194,EARRING LBL00010,EARRING,916,14.294,13.863,0.012,12.699,1,DES9331,,5003,MAIN_STORE,17,2025-11-24 11:50:04.903405
LBL00011,H430779,BRACELET LBL00011,BRACELET,916,27.37,27.067,0.032,24.793,1,DES8940,,5019,MAIN_STORE,20,2025-11-24 11:50:04.905797
LBL00012,H657381,NECKLACE LBL00012,NECKLACE,916,60.497,60.19,0.022,55.134,1,DES2442,,5005,MAIN_STORE,13,2025-11-24 11:50:04.908281
LBL00013,H308535,RING LBL00013,RING,750,10.439,10.365,0.014,7.774,1,DES9202,,5014,MAIN_STORE,9,2025-11-24 11:50:04.910806
LBL00014,H687923,BANGLE LBL00014,BANGLE,916,15.63,15.425,0.008,14.13,1,DES1352,,5001,MAIN_STORE,20,2025-11-24 11:50:04.913305
LBL00015,H359409,NECKLACE LBL00015,NECKLACE,916,31.49,31.248,0.0,28.623,1,DES9673,,5009,MAIN_STORE,12,2025-11-24 11:50:04.915761
LBL00016,H449773,PENDANT LBL00016,PENDANT,585,8.338,7.948,0.068,4.65,1,DES9027,,5012,MAIN_STORE,10,2025-11-24 11:50:04.918150
LBL00017,H880550,RING LBL00017,RING,916,2.942,2.77,0.176,2.537,1,DES3572,,5000,MAIN_STORE,7,2025-11-24 11:50:04.920603
LBL00018,H463625,NECKLACE LBL00018,NECKLACE,585,59.072,59.004,0.174,34.517,1,DES6765,,5011,MAIN_STORE,13,2025-11-24 11:50:04.923219
LBL00019,H755602,PENDANT LBL00019,PENDANT,916,9.54,9.263,0.084,8.485,1,DES5953,,5007,MAIN_STORE,10,2025-11-24 11:50:04.925601
LBL00020,H625600,BANGLE LBL00020,BANGLE,916,17.186,16.62,0.082,15.224,1,DES5519,,5001,MAIN_STORE,20,2025-11-24 11:50:04.928409
LBL00021,H756190,RING LBL00021,RING,585,6.018,5.656,0.0,3.309,1,DES5221,,5012,MAIN_STORE,8,2025-11-24 11:50:04.929980
LBL00022,H954441,RING LBL00022,RING,750,4.535,4.36,0.103,3.27,1,DES1482,,5017,MAIN_STORE,7,2025-11-24 11:50:04.932563
LBL00023,H393804,EARRING LBL00023,EARRING,916,2.663,2.498,0.002,2.288,1,DES4695,,5004,MAIN_STORE,15,2025-11-24 11:50:04.935096
LBL00024,H458388,BRACELET LBL00024,BRACELET,916,25.175,24.997,0.05,22.897,1,DES7436,,5004,MAIN_STORE,20,2025-11-24 11:50:04.937538
LBL00025,H192059,EARRING LBL00025,EARRING,916,15.29,14.996,0.023,13.736,1,DES7262,,5016,MAIN_STORE,17,2025-11-24 11:50:04.940041
LBL00026,H810929,EARRING LBL00026,EARRING,916,1.757,1.685,0.0,1.543,1,DES4726,,5013,MAIN_STORE,14,2025-11-24 11:50:04.942369
LBL00027,H352036,PENDANT LBL00027,PENDANT,916,8.479,8.161,0.132,7.475,1,DES3502,,5013,MAIN_STORE,10,2025-11-24 11:50:04.944800
LBL00028,H427557,EARRING LBL00028,EARRING,916,14.585,14.444,0.034,13.23,1,DES6395,,5014,MAIN_STORE,17,2025-11-24 11:50:04.947366
LBL00029,H668573,BRACELET LBL00029,BRACELET,585,4.413,4.05,0.0,2.369,1,DES3158,,5006,MAIN_STORE,18,2025-11-24 11:50:04.948888
LBL00030,H784167,PENDANT LBL00030,PENDANT,585,8.768,8.607,0.085,5.035,1,DES3270,,5018,MAIN_STORE,10,2025-11-24 11:50:04.951289
LBL00031,H667650,NECKLACE LBL00031,NECKLACE,916,36.856,36.352,0.12,33.298,1,DES4314,,5004,MAIN_STORE,12,2025-11-24 11:50:04.953789
LBL00032,H424008,PENDANT LBL00032,PENDANT,585,3.676,3.421,0.0,2.001,1,DES9582,,5004,MAIN_STORE,10,2025-11-24 11:50:04.955321
LBL00033,H550955,RING LBL00033,RING,916,1.674,1.286,0.004,1.178,1,DES3378,,5018,MAIN_STORE,6,2025-11-24 11:50:04.957601
LBL00034,H265725,BANGLE LBL00034,BANGLE,750,30.733,30.526,0.003,22.895,1,DES6201,,5002,MAIN_STORE,21,2025-11-24 11:50:04.960208
LBL00035,H684413,BANGLE LBL00035,BANGLE,916,44.288,43.824,0.0,40.143,1,DES9732,,5003,MAIN_STORE,21,2025-11-24 11:50:04.962931
LBL00036,H293079,CHAIN LBL00036,CHAIN,916,31.068,31.051,0.016,28.443,1,DES6203,,5004,MAIN_STORE,4,2025-11-24 11:50:04.965657
LBL00037,H862398,NECKLACE LBL00037,NECKLACE,585,66.907,66.509,0.009,38.908,1,DES1483,,5010,MAIN_STORE,13,2025-11-24 11:50:04.968295
LBL00038,H534152,CHAIN LBL00038,CHAIN,916,35.89,35.478,0.0,32.498,1,DES7737,,5009,MAIN_STORE,4,2025-11-24 11:50:04.970834
LBL00039,H564523,PENDANT LBL00039,PENDANT,916,1.482,1.099,0.0,1.007,1,DES5485,,5004,MAIN_STORE,10,2025-11-24 11:50:04.972303
LBL00040,H916953,BANGLE LBL00040,BANGLE,916,33.668,33.194,0.0,30.406,1,DES4079,,5003,MAIN_STORE,21,2025-11-24 11:50:04.973904
LBL00041,H237935,RING LBL00041,RING,916,8.837,8.59,0.038,7.869,1,DES4026,,5000,MAIN_STORE,8,2025-11-24 11:50:04.976541
LBL00042,H899484,RING LBL00042,RING,585,6.824,6.696,0.014,3.917,1,DES5372,,5019,MAIN_STORE,8,2025-11-24 11:50:04.979076
LBL00043,H694587,PENDANT LBL00043,PENDANT,916,11.657,11.354,0.026,10.401,1,DES4783,,5019,MAIN_STORE,11,2025-11-24 11:50:04.981421
LBL00044,H343461,EARRING LBL00044,EARRING,585,7.534,7.106,0.017,4.157,1,DES4783,,5000,MAIN_STORE,16,2025-11-24 11:50:04.983998
LBL00045,H476712,CHAIN LBL00045,CHAIN,916,37.99,37.63,0.134,34.47,1,DES2302,,5015,MAIN_STORE,4,2025-11-24 11:50:04.986280
LBL00046,H240600,RING LBL00046,RING,916,7.735,7.265,0.08,6.655,1,DES9230,,5019,MAIN_STORE,8,2025-11-24 11:50:04.988720
LBL00047,H591534,CHAIN LBL00047,CHAIN,585,50.06,49.754,0.006,29.106,1,DES7126,,5005,MAIN_STORE,5,2025-11-24 11:50:04.991343
LBL00048,H993522,RING LBL00048,RING,916,5.301,5.234,0.007,4.794,1,DES7348,,5015,MAIN_STORE,8,2025-11-24 11:50:04.993783
LBL00049,H596864,PENDANT LBL00049,PENDANT,585,7.178,7.028,0.112,4.111,1,DES3253,,5005,MAIN_STORE,10,2025-11-24 11:50:04.996299
LBL00050,H302647,BANGLE LBL00050,BANGLE,916,22.772,22.451,0.019,20.565,1,DES4707,,5001,MAIN_STORE,20,2025-11-24 11:50:04.999039
LBL00051,H528436,PENDANT LBL00051,PENDANT,916,5.472,5.14,0.041,4.708,1,DES1245,,5008,MAIN_STORE,10,2025-11-24 11:50:05.001363
LBL00052,H533108,PENDANT LBL00052,PENDANT,916,7.851,7.414,0.046,6.791,1,DES4646,,5006,MAIN_STORE,10,2025-11-24 11:50:05.003820
LBL00053,H894586,CHAIN LBL00053,CHAIN,916,23.089,22.846,0.0,20.928,1,DES4351,,5002,MAIN_STORE,4,2025-11-24 11:50:05.006386
LBL00054,H285679,RING LBL00054,RING,916,6.23,5.785,0.105,5.299,1,DES8197,,5019,MAIN_STORE,8,2025-11-24 11:50:05.009116
LBL00055,H613742,RING LBL00055,RING,916,3.24,3.035,0.008,2.78,1,DES6323,,5014,MAIN_STORE,7,2025-11-24 11:50:05.011812
LBL00056,H358771,EARRING LBL00056,EARRING,750,11.741,11.373,0.043,8.53,1,DES8005,,5012,MAIN_STORE,17,2025-11-24 11:50:05.014358
LBL00057,H913920,PENDANT LBL00057,PENDANT,585,9.726,9.45,0.019,5.528,1,DES1685,,5019,MAIN_STORE,10,2025-11-24 11:50:05.016711
LBL00058,H871051,BANGLE LBL00058,BANGLE,750,10.133,9.668,0.066,7.251,1,DES7232,,5010,MAIN_STORE,19,2025-11-24 11:50:05.019018
LBL00059,H513296,RING LBL00059,RING,585,8.524,8.314,0.013,4.864,1,DES9784,,5016,MAIN_STORE,8,2025-11-24 11:50:05.021390
LBL00060,H772550,CHAIN LBL00060,CHAIN,585,17.535,17.416,0.03,10.188,1,DES1630,,5016,MAIN_STORE,3,2025-11-24 11:50:05.023759
LBL00061,H214626,EARRING LBL00061,EARRING,916,10.654,10.25,0.015,9.389,1,DES8399,,5014,MAIN_STORE,17,2025-11-24 11:50:05.026324
LBL00062,H967182,BANGLE LBL00062,BANGLE,916,37.608,37.513,0.0,34.362,1,DES1694,,5007,MAIN_STORE,21,2025-11-24 11:50:05.029243
LBL00063,H643899,NECKLACE LBL00063,NECKLACE,916,9.738,9.582,0.022,8.778,1,DES9812,,5012,MAIN_STORE,10,2025-11-24 11:50:05.031913
LBL00064,H870881,CHAIN LBL00064,CHAIN,750,6.357,5.986,0.017,4.49,1,DES1643,,5017,MAIN_STORE,2,2025-11-24 11:50:05.034508
LBL00065,H506216,BRACELET LBL00065,BRACELET,585,22.536,22.176,0.007,12.973,1,DES9456,,5001,MAIN_STORE,20,2025-11-24 11:50:05.039366
LBL00066,H299072,BRACELET LBL00066,BRACELET,916,10.776,10.628,0.07,9.735,1,DES5770,,5014,MAIN_STORE,19,2025-11-24 11:50:05.043525
LBL00067,H517375,PENDANT LBL00067,PENDANT,585,5.384,5.189,0.146,3.036,1,DES5989,,5009,MAIN_STORE,10,2025-11-24 11:50:05.046071
LBL00068,H583757,BRACELET LBL00068,BRACELET,916,25.44,24.936,0.006,22.841,1,DES3727,,5013,MAIN_STORE,20,2025-11-24 11:50:05.048579
LBL00069,H408721,EARRING LBL00069,EARRING,750,9.006,8.692,0.091,6.519,1,DES1893,,5016,MAIN_STORE,16,2025-11-24 11:50:05.051106
LBL00070,H249149,NECKLACE LBL00070,NECKLACE,916,58.732,58.25,0.021,53.357,1,DES8595,,5014,MAIN_STORE,13,2025-11-24 11:50:05.053860
LBL00071,H194834,EARRING LBL00071,EARRING,916,9.556,9.174,0.076,8.404,1,DES9202,,5003,MAIN_STORE,16,2025-11-24 11:50:05.056316
LBL00072,H288503,BANGLE LBL00072,BANGLE,585,2.454,2.158,0.0,1.262,1,DES9952,,5004,MAIN_STORE,18,2025-11-24 11:50:05.058511
LBL00073,H512160,BRACELET LBL00073,BRACELET,585,7.021,6.623,0.05,3.875,1,DES7775,,5010,MAIN_STORE,19,2025-11-24 11:50:05.062887
LBL00074,H572788,NECKLACE LBL00074,NECKLACE,916,29.24,29.01,0.026,26.574,1,DES1408,,5005,MAIN_STORE,12,2025-11-24 11:50:05.067827
LBL00075,H575718,RING LBL00075,RING,916,2.27,2.069,0.016,1.895,1,DES4308,,5014,MAIN_STORE,7,2025-11-24 11:50:05.071912
LBL00076,H194560,PENDANT LBL00076,PENDANT,916,11.851,11.306,0.024,10.356,1,DES5097,,5010,MAIN_STORE,11,2025-11-24 11:50:05.074970
LBL00077,H825318,BRACELET LBL00077,BRACELET,916,32.413,32.33,0.022,29.614,1,DES3686,,5003,MAIN_STORE,21,2025-11-24 11:50:05.078353
LBL00078,H195620,PENDANT LBL00078,PENDANT,916,10.25,9.97,0.081,9.133,1,DES2870,,5014,MAIN_STORE,11,2025-11-24 11:50:05.081504
LBL00079,H764873,CHAIN LBL00079,CHAIN,750,12.023,11.79,0.047,8.842,1,DES6946,,5002,MAIN_STORE,3,2025-11-24 11:50:05.084763
LBL00080,H649262,RING LBL00080,RING,750,2.754,2.464,0.018,1.848,1,DES7292,,5016,MAIN_STORE,7,2025-11-24 11:50:05.087851
LBL00081,H741804,NECKLACE LBL00081,NECKLACE,916,21.01,20.753,0.014,19.01,1,DES3619,,5012,MAIN_STORE,12,2025-11-24 11:50:05.091036
LBL00082,H677079,CHAIN LBL00082,CHAIN,916,27.248,26.791,0.008,24.54,1,DES7235,,5001,MAIN_STORE,4,2025-11-24 11:50:05.094389
LBL00083,H905579,CHAIN LBL00083,CHAIN,916,9.71,9.415,0.0,8.624,1,DES3799,,5010,MAIN_STORE,2,2025-11-24 11:50:05.097466
LBL00084,H692960,RING LBL00084,RING,750,5.506,5.306,0.022,3.979,1,DES3459,,5005,MAIN_STORE,8,2025-11-24 11:50:05.100188
LBL00085,H251631,CHAIN LBL00085,CHAIN,916,54.231,53.644,0.057,49.138,1,DES3930,,5001,MAIN_STORE,5,2025-11-24 11:50:05.103591
LBL00086,H539963,RING LBL00086,RING,916,8.478,8.183,0.0,7.496,1,DES6047,,5009,MAIN_STORE,8,2025-11-24 11:50:05.105683
LBL00087,H865630,RING LBL00087,RING,916,1.146,0.635,0.0,0.582,1,DES8311,,5009,MAIN_STORE,6,2025-11-24 11:50:05.108750
LBL00088,H756883,BANGLE LBL00088,BANGLE,585,3.964,3.77,0.036,2.206,1,DES3960,,5003,MAIN_STORE,18,2025-11-24 11:50:05.111709
LBL00089,H237962,PENDANT LBL00089,PENDANT,916,1.798,1.648,0.128,1.509,1,DES4323,,5000,MAIN_STORE,10,2025-11-24 11:50:05.114212
LBL00090,H752801,BANGLE LBL00090,BANGLE,916,32.247,31.72,0.062,29.056,1,DES5146,,5000,MAIN_STORE,21,2025-11-24 11:50:05.116952
LBL00091,H580921,RING LBL00091,RING,585,9.31,8.711,0.013,5.096,1,DES9153,,5015,MAIN_STORE,8,2025-11-24 11:50:05.120194
LBL00092,H669902,EARRING LBL00092,EARRING,916,11.102,10.966,0.016,10.045,1,DES1094,,5019,MAIN_STORE,17,2025-11-24 11:50:05.123491
LBL00093,H617437,EARRING LBL00093,EARRING,750,13.3,13.02,0.014,9.765,1,DES4897,,5006,MAIN_STORE,17,2025-11-24 11:50:05.126499
LBL00094,H717466,NECKLACE LBL00094,NECKLACE,916,64.114,63.878,0.003,58.512,1,DES8794,,5014,MAIN_STORE,13,2025-11-24 11:50:05.129812
LBL00095,H530074,CHAIN LBL00095,CHAIN,585,16.376,16.036,0.014,9.381,1,DES8239,,5002,MAIN_STORE,3,2025-11-24 11:50:05.132644
LBL00096,H730421,EARRING LBL00096,EARRING,916,11.971,11.618,0.064,10.642,1,DES1107,,5007,MAIN_STORE,17,2025-11-24 11:50:05.135078
LBL00097,H673929,RING LBL00097,RING,916,2.449,1.95,0.065,1.786,1,DES5556,,5019,MAIN_STORE,7,2025-11-24 11:50:05.137640
LBL00098,H759172,BANGLE LBL00098,BANGLE,916,36.586,36.203,0.153,33.162,1,DES4401,,5001,MAIN_STORE,21,2025-11-24 11:50:05.140154
LBL00099,H293818,BRACELET LBL00099,BRACELET,916,40.277,39.948,0.095,36.593,1,DES3429,,5001,MAIN_STORE,21,2025-11-24 11:50:05.142593
LBL00100,H785010,CHAIN LBL00100,CHAIN,916,54.122,53.758,0.01,49.242,1,DES6718,,5001,MAIN_STORE,5,2025-11-24 11:50:05.145422
LBL00101,H252436,NECKLACE LBL00101,NECKLACE,916,47.957,47.54,0.003,43.547,1,DES1531,,5018,MAIN_STORE,13,2025-11-24 11:50:05.148013
LBL00102,H978721,BANGLE LBL00102,BANGLE,916,30.884,30.814,0.057,28.226,1,DES5889,,5010,MAIN_STORE,21,2025-11-24 11:50:05.150463
LBL00103,H191962,EARRING LBL00103,EARRING,585,3.79,3.436,0.07,2.01,1,DES1803,,5003,MAIN_STORE,15,2025-11-24 11:50:05.153071
LBL00104,H537211,EARRING LBL00104,EARRING,916,13.842,13.478,0.011,12.346,1,DES3920,,5005,MAIN_STORE,17,2025-11-24 11:50:05.155665
LBL00105,H804737,PENDANT LBL00105,PENDANT,585,9.656,9.497,0.027,5.556,1,DES5659,,5019,MAIN_STORE,10,2025-11-24 11:50:05.157938
LBL00106,H793029,EARRING LBL00106,EARRING,916,10.05,9.902,0.012,9.07,1,DES3906,,5014,MAIN_STORE,17,2025-11-24 11:50:05.160622
LBL00107,H885734,NECKLACE LBL00107,NECKLACE,750,14.04,13.718,0.01,10.289,1,DES6901,,5001,MAIN_STORE,11,2025-11-24 11:50:05.163016
LBL00108,H197649,BRACELET LBL00108,BRACELET,916,19.342,19.018,0.018,17.42,1,DES5903,,5010,MAIN_STORE,20,2025-11-24 11:50:05.165490
LBL00109,H486473,NECKLACE LBL00109,NECKLACE,916,20.403,19.81,0.064,18.146,1,DES7208,,5002,MAIN_STORE,12,2025-11-24 11:50:05.167977
LBL00110,H895284,EARRING LBL00110,EARRING,750,13.046,12.81,0.0,9.607,1,DES8001,,5017,MAIN_STORE,17,2025-11-24 11:50:05.170480
LBL00111,H168079,NECKLACE LBL00111,NECKLACE,916,60.386,60.3,0.07,55.235,1,DES5797,,5015,MAIN_STORE,13,2025-11-24 11:50:05.173062
LBL00112,H241081,RING LBL00112,RING,916,6.906,6.327,0.0,5.796,1,DES2999,,5008,MAIN_STORE,8,2025-11-24 11:50:05.175451
LBL00113,H445200,EARRING LBL00113,EARRING,916,10.873,10.616,0.016,9.724,1,DES9635,,5013,MAIN_STORE,17,2025-11-24 11:50:05.178000
LBL00114,H650131,BANGLE LBL00114,BANGLE,585,39.36,39.073,0.008,22.858,1,DES4438,,5006,MAIN_STORE,21,2025-11-24 11:50:05.180508
LBL00115,H741784,CHAIN LBL00115,CHAIN,916,41.652,41.097,0.031,37.645,1,DES1953,,5003,MAIN_STORE,4,2025-11-24 11:50:05.183035
LBL00116,H699121,CHAIN LBL00116,CHAIN,750,46.861,46.676,0.023,35.007,1,DES9666,,5002,MAIN_STORE,4,2025-11-24 11:50:05.185606
LBL00117,H607157,RING LBL00117,RING,750,2.156,2.123,0.0,1.592,1,DES5705,,5013,MAIN_STORE,7,2025-11-24 11:50:05.187422
LBL00118,H738419,EARRING LBL00118,EARRING,750,11.386,11.304,0.038,8.478,1,DES6185,,5008,MAIN_STORE,17,2025-11-24 11:50:05.190122
LBL00119,H650912,PENDANT LBL00119,PENDANT,916,8.817,8.619,0.0,7.895,1,DES6797,,5004,MAIN_STORE,10,2025-11-24 11:50:05.191620
LBL00120,H744129,EARRING LBL00120,EARRING,916,10.296,9.767,0.001,8.947,1,DES9132,,5016,MAIN_STORE,17,2025-11-24 11:50:05.193992
LBL00121,H864605,BANGLE LBL00121,BANGLE,585,44.502,44.111,0.0,25.805,1,DES9154,,5015,MAIN_STORE,21,2025-11-24 11:50:05.195683
LBL00122,H947228,RING LBL00122,RING,916,9.981,9.636,0.043,8.827,1,DES3947,,5019,MAIN_STORE,8,2025-11-24 11:50:05.198137
LBL00123,H344026,CHAIN LBL00123,CHAIN,916,54.563,54.216,0.213,49.662,1,DES5759,,5006,MAIN_STORE,5,2025-11-24 11:50:05.200625
LBL00124,H101657,RING LBL00124,RING,750,6.702,6.668,0.01,5.001,1,DES2936,,5000,MAIN_STORE,8,2025-11-24 11:50:05.202928
LBL00125,H587467,BRACELET LBL00125,BRACELET,916,32.428,32.215,0.229,29.509,1,DES2932,,5006,MAIN_STORE,21,2025-11-24 11:50:05.205442
LBL00126,H938403,BANGLE LBL00126,BANGLE,750,26.752,26.291,0.0,19.718,1,DES7793,,5013,MAIN_STORE,20,2025-11-24 11:50:05.207763
LBL00127,H147702,BRACELET LBL00127,BRACELET,916,9.618,9.395,0.017,8.606,1,DES6468,,5011,MAIN_STORE,19,2025-11-24 11:50:05.210039
LBL00128,H687638,EARRING LBL00128,EARRING,916,4.763,4.452,0.012,4.078,1,DES4478,,5000,MAIN_STORE,15,2025-11-24 11:50:05.212443
LBL00129,H771736,BANGLE LBL00129,BANGLE,750,24.549,24.378,0.0,18.284,1,DES4296,,5009,MAIN_STORE,20,2025-11-24 11:50:05.215028
LBL00130,H366776,EARRING LBL00130,EARRING,916,5.166,5.07,0.001,4.644,1,DES2111,,5009,MAIN_STORE,16,2025-11-24 11:50:05.217904
LBL00131,H414870,NECKLACE LBL00131,NECKLACE,585,10.552,10.148,0.0,5.936,1,DES9301,,5017,MAIN_STORE,11,2025-11-24 11:50:05.220335
LBL00132,H439658,EARRING LBL00132,EARRING,750,10.555,10.381,0.011,7.786,1,DES1100,,5003,MAIN_STORE,17,2025-11-24 11:50:05.222684
LBL00133,H819150,EARRING LBL00133,EARRING,916,7.756,7.598,0.026,6.96,1,DES6460,,5010,MAIN_STORE,16,2025-11-24 11:50:05.225144
LBL00134,H515287,BANGLE LBL00134,BANGLE,916,43.795,43.515,0.0,39.86,1,DES1477,,5005,MAIN_STORE,21,2025-11-24 11:50:05.227507
LBL00135,H303440,PENDANT LBL00135,PENDANT,916,11.01,10.61,0.082,9.718,1,DES6415,,5010,MAIN_STORE,11,2025-11-24 11:50:05.230497
LBL00136,H805139,EARRING LBL00136,EARRING,916,6.054,5.675,0.0,5.198,1,DES8849,,5015,MAIN_STORE,16,2025-11-24 11:50:05.232622
LBL00137,H935981,BANGLE LBL00137,BANGLE,585,43.667,43.139,0.028,25.236,1,DES1582,,5004,MAIN_STORE,21,2025-11-24 11:50:05.235941
LBL00138,H604884,PENDANT LBL00138,PENDANT,916,7.459,6.938,0.004,6.355,1,DES3545,,5014,MAIN_STORE,10,2025-11-24 11:50:05.238528
LBL00139,H663051,RING LBL00139,RING,916,5.139,4.79,0.035,4.388,1,DES6490,,5014,MAIN_STORE,8,2025-11-24 11:50:05.240700
LBL00140,H922072,PENDANT LBL00140,PENDANT,750,5.171,4.936,0.096,3.702,1,DES7782,,5001,MAIN_STORE,10,2025-11-24 11:50:05.242820
LBL00141,H975671,EARRING LBL00141,EARRING,585,15.305,15.015,0.015,8.784,1,DES9537,,5009,MAIN_STORE,17,2025-11-24 11:50:05.245098
LBL00142,H692385,EARRING LBL00142,EARRING,916,9.826,9.484,0.004,8.687,1,DES6169,,5017,MAIN_STORE,16,2025-11-24 11:50:05.247518
LBL00143,H661916,EARRING LBL00143,EARRING,916,7.302,7.115,0.0,6.518,1,DES1306,,5006,MAIN_STORE,16,2025-11-24 11:50:05.249802
LBL00144,H705445,EARRING LBL00144,EARRING,916,7.59,7.249,0.013,6.64,1,DES6434,,5011,MAIN_STORE,16,2025-11-24 11:50:05.252149
LBL00145,H169429,EARRING LBL00145,EARRING,916,14.148,13.778,0.017,12.621,1,DES3446,,5008,MAIN_STORE,17,2025-11-24 11:50:05.254474
LBL00146,H981578,BANGLE LBL00146,BANGLE,916,2.829,2.716,0.0,2.488,1,DES1510,,5010,MAIN_STORE,18,2025-11-24 11:50:05.256739
LBL00147,H493468,NECKLACE LBL00147,NECKLACE,916,10.202,9.92,0.104,9.087,1,DES9753,,5005,MAIN_STORE,11,2025-11-24 11:50:05.259150
LBL00148,H698717,CHAIN LBL00148,CHAIN,750,57.128,57.02,0.0,42.765,1,DES7382,,5005,MAIN_STORE,5,2025-11-24 11:50:05.260800
LBL00149,H724103,CHAIN LBL00149,CHAIN,750,15.697,15.348,0.091,11.511,1,DES2914,,5009,MAIN_STORE,3,2025-11-24 11:50:05.263251
LBL00150,H839525,CHAIN LBL00150,CHAIN,916,15.494,15.331,0.0,14.043,1,DES6152,,5001,MAIN_STORE,3,2025-11-24 11:50:05.265934
LBL00151,H384685,BANGLE LBL00151,BANGLE,916,31.975,31.574,0.06,28.922,1,DES7780,,5002,MAIN_STORE,21,2025-11-24 11:50:05.268794
LBL00152,H621199,PENDANT LBL00152,PENDANT,916,9.672,9.454,0.0,8.66,1,DES4893,,5011,MAIN_STORE,10,2025-11-24 11:50:05.271666
LBL00153,H573858,CHAIN LBL00153,CHAIN,916,60.12,59.934,0.078,54.9,1,DES5958,,5006,MAIN_STORE,5,2025-11-24 11:50:05.275311
LBL00154,H650607,EARRING LBL00154,EARRING,916,11.099,10.67,0.014,9.774,1,DES5953,,5005,MAIN_STORE,17,2025-11-24 11:50:05.278591
LBL00155,H217683,PENDANT LBL00155,PENDANT,750,3.538,3.242,0.034,2.432,1,DES7131,,5001,MAIN_STORE,10,2025-11-24 11:50:05.281638
LBL00156,H915572,NECKLACE LBL00156,NECKLACE,585,49.968,49.776,0.197,29.119,1,DES4311,,5002,MAIN_STORE,13,2025-11-24 11:50:05.284883
LBL00157,H565330,BRACELET LBL00157,BRACELET,750,16.886,16.756,0.053,12.567,1,DES9290,,5000,MAIN_STORE,20,2025-11-24 11:50:05.287367
LBL00158,H937838,NECKLACE LBL00158,NECKLACE,916,50.707,50.539,0.026,46.294,1,DES8907,,5016,MAIN_STORE,13,2025-11-24 11:50:05.289720
LBL00159,H261562,EARRING LBL00159,EARRING,750,2.541,2.237,0.078,1.678,1,DES4116,,5010,MAIN_STORE,15,2025-11-24 11:50:05.292267
LBL00160,H606957,PENDANT LBL00160,PENDANT,585,5.967,5.391,0.266,3.154,1,DES9579,,5009,MAIN_STORE,10,2025-11-24 11:50:05.294700
LBL00161,H913205,RING LBL00161,RING,750,9.71,9.328,0.048,6.996,1,DES6363,,5004,MAIN_STORE,8,2025-11-24 11:50:05.297196
LBL00162,H906859,BANGLE LBL00162,BANGLE,585,39.183,38.945,0.0,22.783,1,DES2609,,5016,MAIN_STORE,21,2025-11-24 11:50:05.298948
LBL00163,H809589,BANGLE LBL00163,BANGLE,750,15.444,15.072,0.0,11.304,1,DES3174,,5006,MAIN_STORE,20,2025-11-24 11:50:05.301456
LBL00164,H859767,BANGLE LBL00164,BANGLE,585,14.599,14.274,0.01,8.35,1,DES1598,,5014,MAIN_STORE,19,2025-11-24 11:50:05.303927
LBL00165,H506415,BANGLE LBL00165,BANGLE,916,27.467,27.188,0.005,24.904,1,DES9558,,5003,MAIN_STORE,20,2025-11-24 11:50:05.306978
LBL00166,H104309,CHAIN LBL00166,CHAIN,916,21.98,21.44,0.01,19.64,1,DES6095,,5001,MAIN_STORE,4,2025-11-24 11:50:05.310123
LBL00167,H820426,NECKLACE LBL00167,NECKLACE,750,30.997,30.84,0.024,23.13,1,DES2426,,5010,MAIN_STORE,12,2025-11-24 11:50:05.313215
LBL00168,H589554,PENDANT LBL00168,PENDANT,585,6.998,6.618,0.014,3.871,1,DES1755,,5003,MAIN_STORE,10,2025-11-24 11:50:05.315385
LBL00169,H645865,RING LBL00169,RING,916,7.454,7.098,0.051,6.502,1,DES6119,,5000,MAIN_STORE,8,2025-11-24 11:50:05.318617
LBL00170,H705615,BANGLE LBL00170,BANGLE,916,24.852,24.493,0.0,22.436,1,DES6114,,5006,MAIN_STORE,20,2025-11-24 11:50:05.320680
LBL00171,H436467,EARRING LBL00171,EARRING,750,2.577,2.316,0.076,1.738,1,DES4285,,5006,MAIN_STORE,15,2025-11-24 11:50:05.324604
LBL00172,H400487,PENDANT LBL00172,PENDANT,916,8.015,7.765,0.025,7.114,1,DES5532,,5017,MAIN_STORE,10,2025-11-24 11:50:05.327896
LBL00173,H434652,BRACELET LBL00173,BRACELET,916,19.598,19.191,0.025,17.579,1,DES8227,,5003,MAIN_STORE,20,2025-11-24 11:50:05.332246
LBL00174,H385898,NECKLACE LBL00174,NECKLACE,916,38.876,38.611,0.019,35.368,1,DES3446,,5005,MAIN_STORE,12,2025-11-24 11:50:05.336172
LBL00175,H386929,RING LBL00175,RING,916,2.534,2.394,0.0,2.193,1,DES2875,,5000,MAIN_STORE,7,2025-11-24 11:50:05.338583
LBL00176,H753205,BRACELET LBL00176,BRACELET,585,28.818,28.392,0.032,16.61,1,DES9422,,5003,MAIN_STORE,20,2025-11-24 11:50:05.341200
LBL00177,H316612,PENDANT LBL00177,PENDANT,916,8.608,8.569,0.021,7.849,1,DES9888,,5011,MAIN_STORE,10,2025-11-24 11:50:05.343785
LBL00178,H676051,BRACELET LBL00178,BRACELET,916,39.298,38.88,0.0,35.614,1,DES6218,,5008,MAIN_STORE,21,2025-11-24 11:50:05.345437
LBL00179,H248433,NECKLACE LBL00179,NECKLACE,916,17.902,17.387,0.047,15.926,1,DES5641,,5018,MAIN_STORE,11,2025-11-24 11:50:05.348104
LBL00180,H356717,BRACELET LBL00180,BRACELET,916,5.726,5.386,0.02,4.933,1,DES3806,,5002,MAIN_STORE,19,2025-11-24 11:50:05.350760
LBL00181,H426503,NECKLACE LBL00181,NECKLACE,750,14.229,14.115,0.018,10.586,1,DES6549,,5017,MAIN_STORE,11,2025-11-24 11:50:05.353135
LBL00182,H565198,EARRING LBL00182,EARRING,916,1.403,1.345,0.023,1.232,1,DES1831,,5004,MAIN_STORE,14,2025-11-24 11:50:05.355467
LBL00183,H130401,EARRING LBL00183,EARRING,916,3.758,3.374,0.117,3.091,1,DES8712,,5001,MAIN_STORE,15,2025-11-24 11:50:05.357747
LBL00184,H211072,BANGLE LBL00184,BANGLE,916,40.331,40.055,0.011,36.691,1,DES7284,,5001,MAIN_STORE,21,2025-11-24 11:50:05.360168
LBL00185,H190302,CHAIN LBL00185,CHAIN,916,42.848,42.427,0.017,38.864,1,DES7987,,5012,MAIN_STORE,4,2025-11-24 11:50:05.362579
LBL00186,H287677,BANGLE LBL00186,BANGLE,916,16.551,16.409,0.087,15.031,1,DES8304,,5019,MAIN_STORE,20,2025-11-24 11:50:05.365077
LBL00187,H472899,CHAIN LBL00187,CHAIN,916,27.536,27.339,0.018,25.042,1,DES6119,,5010,MAIN_STORE,4,2025-11-24 11:50:05.367511
LBL00188,H957150,BRACELET LBL00188,BRACELET,916,22.744,22.562,0.025,20.667,1,DES4246,,5017,MAIN_STORE,20,2025-11-24 11:50:05.369726
LBL00189,H182361,EARRING LBL00189,EARRING,916,9.076,8.68,0.0,7.951,1,DES8629,,5018,MAIN_STORE,16,2025-11-24 11:50:05.372161
LBL00190,H238197,BRACELET LBL00190,BRACELET,750,25.189,24.922,0.073,18.692,1,DES2522,,5014,MAIN_STORE,20,2025-11-24 11:50:05.374495
LBL00191,H201987,BANGLE LBL00191,BANGLE,916,12.129,11.795,0.0,10.804,1,DES8464,,5009,MAIN_STORE,19,2025-11-24 11:50:05.376009
LBL00192,H817727,RING LBL00192,RING,916,5.634,5.45,0.008,4.992,1,DES8625,,5015,MAIN_STORE,8,2025-11-24 11:50:05.378425
LBL00193,H342948,EARRING LBL00193,EARRING,916,8.676,8.236,0.016,7.544,1,DES4666,,5004,MAIN_STORE,16,2025-11-24 11:50:05.381151
LBL00194,H746910,RING LBL00194,RING,916,3.402,3.05,0.121,2.794,1,DES5227,,5011,MAIN_STORE,7,2025-11-24 11:50:05.383699
LBL00195,H511122,CHAIN LBL00195,CHAIN,750,57.536,57.337,0.0,43.003,1,DES4004,,5010,MAIN_STORE,5,2025-11-24 11:50:05.386187
LBL00196,H927094,PENDANT LBL00196,PENDANT,916,9.739,9.328,0.111,8.544,1,DES6320,,5014,MAIN_STORE,10,2025-11-24 11:50:05.388733
LBL00197,H611187,CHAIN LBL00197,CHAIN,916,38.791,38.776,0.0,35.519,1,DES1495,,5002,MAIN_STORE,4,2025-11-24 11:50:05.391361
LBL00198,H598424,BANGLE LBL00198,BANGLE,916,5.006,4.776,0.045,4.375,1,DES2849,,5011,MAIN_STORE,19,2025-11-24 11:50:05.393931
LBL00199,H601903,BRACELET LBL00199,BRACELET,750,24.68,24.399,0.0,18.299,1,DES8556,,5005,MAIN_STORE,20,2025-11-24 11:50:05.396429
LBL00200,H395968,CHAIN LBL00200,CHAIN,916,20.769,20.743,0.263,19.001,1,DES6711,,5019,MAIN_STORE,4,2025-11-24 11:50:05.398880
LBL00201,H702593,NECKLACE LBL00201,NECKLACE,916,42.505,42.303,0.016,38.75,1,DES3087,,5016,MAIN_STORE,13,2025-11-24 11:50:05.401516
LBL00202,H207932,CHAIN LBL00202,CHAIN,585,45.672,45.365,0.046,26.538,1,DES7646,,5003,MAIN_STORE,4,2025-11-24 11:50:05.404225
LBL00203,H441699,CHAIN LBL00203,CHAIN,916,54.844,54.493,0.0,49.916,1,DES2162,,5009,MAIN_STORE,5,2025-11-24 11:50:05.407051
LBL00204,H658624,BRACELET LBL00204,BRACELET,916,5.449,5.139,0.0,4.707,1,DES8552,,5012,MAIN_STORE,19,2025-11-24 11:50:05.409568
LBL00205,H719221,BANGLE LBL00205,BANGLE,916,4.315,3.922,0.0,3.593,1,DES7773,,5007,MAIN_STORE,18,2025-11-24 11:50:05.412129
LBL00206,H751034,EARRING LBL00206,EARRING,916,7.433,7.267,0.006,6.657,1,DES4992,,5017,MAIN_STORE,16,2025-11-24 11:50:05.414642
LBL00207,H266744,BRACELET LBL00207,BRACELET,916,33.383,33.291,0.02,30.495,1,DES8903,,5012,MAIN_STORE,21,2025-11-24 11:50:05.417260
LBL00208,H169268,EARRING LBL00208,EARRING,916,5.796,5.508,0.05,5.045,1,DES6582,,5006,MAIN_STORE,16,2025-11-24 11:50:05.419888
LBL00209,H953452,BANGLE LBL00209,BANGLE,916,21.783,21.348,0.0,19.555,1,DES8063,,5013,MAIN_STORE,20,2025-11-24 11:50:05.422322
LBL00210,H694764,PENDANT LBL00210,PENDANT,585,10.198,9.848,0.014,5.761,1,DES6606,,5017,MAIN_STORE,11,2025-11-24 11:50:05.424876
LBL00211,H827851,EARRING LBL00211,EARRING,916,4.678,4.273,0.266,3.914,1,DES4869,,5005,MAIN_STORE,15,2025-11-24 11:50:05.427324
LBL00212,H794799,BANGLE LBL00212,BANGLE,916,25.446,25.035,0.0,22.932,1,DES2276,,5018,MAIN_STORE,20,2025-11-24 11:50:05.429742
LBL00213,H977394,PENDANT LBL00213,PENDANT,585,5.854,5.747,0.066,3.362,1,DES8972,,5003,MAIN_STORE,10,2025-11-24 11:50:05.432167
LBL00214,H720928,BRACELET LBL00214,BRACELET,916,31.91,31.651,0.024,28.992,1,DES8584,,5010,MAIN_STORE,21,2025-11-24 11:50:05.434565
LBL00215,H682051,BANGLE LBL00215,BANGLE,916,14.239,13.889,0.002,12.722,1,DES2599,,5014,MAIN_STORE,19,2025-11-24 11:50:05.436950
LBL00216,H284731,NECKLACE LBL00216,NECKLACE,916,56.697,56.235,0.006,51.511,1,DES6046,,5012,MAIN_STORE,13,2025-11-24 11:50:05.439600
LBL00217,H172988,PENDANT LBL00217,PENDANT,750,3.372,3.139,0.006,2.354,1,DES2781,,5019,MAIN_STORE,10,2025-11-24 11:50:05.441947
LBL00218,H908812,BRACELET LBL00218,BRACELET,916,19.098,18.736,0.028,17.162,1,DES7208,,5010,MAIN_STORE,20,2025-11-24 11:50:05.444447
LBL00219,H618306,BANGLE LBL00219,BANGLE,585,24.129,23.735,0.024,13.885,1,DES2007,,5002,MAIN_STORE,20,2025-11-24 11:50:05.447058
LBL00220,H328182,BANGLE LBL00220,BANGLE,916,47.412,47.055,0.017,43.102,1,DES3276,,5018,MAIN_STORE,21,2025-11-24 11:50:05.449438
LBL00221,H891662,PENDANT LBL00221,PENDANT,916,9.802,9.412,0.052,8.622,1,DES1003,,5004,MAIN_STORE,10,2025-11-24 11:50:05.451749
LBL00222,H792984,RING LBL00222,RING,916,1.952,1.894,0.231,1.735,1,DES3444,,5014,MAIN_STORE,6,2025-11-24 11:50:05.453973
LBL00223,H657062,BRACELET LBL00223,BRACELET,916,38.58,38.08,0.076,34.881,1,DES5775,,5012,MAIN_STORE,21,2025-11-24 11:50:05.456504
LBL00224,H745474,NECKLACE LBL00224,NECKLACE,750,68.17,67.833,0.008,50.875,1,DES8326,,5006,MAIN_STORE,13,2025-11-24 11:50:05.458945
LBL00225,H315651,BANGLE LBL00225,BANGLE,916,39.898,39.732,0.146,36.395,1,DES6187,,5009,MAIN_STORE,21,2025-11-24 11:50:05.461298
LBL00226,H697978,NECKLACE LBL00226,NECKLACE,750,45.819,45.38,0.018,34.035,1,DES5989,,5013,MAIN_STORE,13,2025-11-24 11:50:05.463738
LBL00227,H852658,BANGLE LBL00227,BANGLE,916,27.852,27.673,0.0,25.348,1,DES6640,,5002,MAIN_STORE,20,2025-11-24 11:50:05.465535
LBL00228,H711033,BRACELET LBL00228,BRACELET,750,18.123,17.529,0.105,13.147,1,DES1133,,5019,MAIN_STORE,20,2025-11-24 11:50:05.468059
LBL00229,H635218,BANGLE LBL00229,BANGLE,916,38.782,38.325,0.019,35.106,1,DES7622,,5004,MAIN_STORE,21,2025-11-24 11:50:05.470414
LBL00230,H993916,RING LBL00230,RING,585,4.603,4.191,0.129,2.452,1,DES5819,,5001,MAIN_STORE,7,2025-11-24 11:50:05.472686
LBL00231,H487158,EARRING LBL00231,EARRING,750,12.221,11.803,0.048,8.852,1,DES9992,,5001,MAIN_STORE,17,2025-11-24 11:50:05.475150
LBL00232,H100884,PENDANT LBL00232,PENDANT,750,8.068,7.983,0.0,5.987,1,DES6885,,5003,MAIN_STORE,10,2025-11-24 11:50:05.476474
LBL00233,H395917,CHAIN LBL00233,CHAIN,916,60.193,59.971,0.017,54.933,1,DES1510,,5007,MAIN_STORE,5,2025-11-24 11:50:05.479082
LBL00234,H552686,CHAIN LBL00234,CHAIN,585,28.417,28.026,0.014,16.396,1,DES7459,,5010,MAIN_STORE,4,2025-11-24 11:50:05.481676
LBL00235,H846348,EARRING LBL00235,EARRING,916,3.027,2.694,0.023,2.468,1,DES7271,,5012,MAIN_STORE,15,2025-11-24 11:50:05.484179
LBL00236,H500099,RING LBL00236,RING,916,7.754,7.381,0.087,6.761,1,DES8130,,5017,MAIN_STORE,8,2025-11-24 11:50:05.486881
LBL00237,H321476,BRACELET LBL00237,BRACELET,750,27.796,27.393,0.092,20.544,1,DES3841,,5015,MAIN_STORE,20,2025-11-24 11:50:05.489589
LBL00238,H245824,BANGLE LBL00238,BANGLE,750,28.954,28.7,0.04,21.525,1,DES4083,,5017,MAIN_STORE,20,2025-11-24 11:50:05.492179
LBL00239,H503277,PENDANT LBL00239,PENDANT,750,9.281,8.844,0.0,6.633,1,DES6902,,5013,MAIN_STORE,10,2025-11-24 11:50:05.493680
LBL00240,H261760,CHAIN LBL00240,CHAIN,750,17.634,17.206,0.094,12.904,1,DES5726,,5004,MAIN_STORE,3,2025-11-24 11:50:05.496380
LBL00241,H240800,NECKLACE LBL00241,NECKLACE,585,60.793,60.51,0.002,35.398,1,DES1190,,5002,MAIN_STORE,13,2025-11-24 11:50:05.499098
LBL00242,H779885,CHAIN LBL00242,CHAIN,750,39.942,39.754,0.024,29.816,1,DES1257,,5004,MAIN_STORE,4,2025-11-24 11:50:05.501652
LBL00243,H856379,RING LBL00243,RING,750,9.394,9.059,0.022,6.794,1,DES8974,,5013,MAIN_STORE,8,2025-11-24 11:50:05.504338
LBL00244,H242371,BANGLE LBL00244,BANGLE,916,19.206,18.985,0.0,17.39,1,DES2387,,5004,MAIN_STORE,20,2025-11-24 11:50:05.506053
LBL00245,H773440,RING LBL00245,RING,916,6.796,6.501,0.122,5.955,1,DES7813,,5014,MAIN_STORE,8,2025-11-24 11:50:05.508729
LBL00246,H927251,RING LBL00246,RING,916,6.325,6.095,0.048,5.583,1,DES7974,,5019,MAIN_STORE,8,2025-11-24 11:50:05.511366
LBL00247,H288531,PENDANT LBL00247,PENDANT,916,11.125,10.77,0.02,9.864,1,DES8444,,5016,MAIN_STORE,11,2025-11-24 11:50:05.514087
LBL00248,H544726,EARRING LBL00248,EARRING,750,7.061,6.828,0.027,5.121,1,DES8373,,5012,MAIN_STORE,16,2025-11-24 11:50:05.516648
LBL00249,H472566,BANGLE LBL00249,BANGLE,916,15.949,15.805,0.087,14.477,1,DES4698,,5005,MAIN_STORE,20,2025-11-24 11:50:05.518992
LBL00250,H545405,CHAIN LBL00250,CHAIN,916,23.412,22.944,0.054,21.016,1,DES1121,,5018,MAIN_STORE,4,2025-11-24 11:50:05.521337
