store,movement_id,voucher_no,voucher_date,movement_type,account_id,label_no,category,purity,gross_weight,net_weight,stone_weight,fine_weight,value,gold_rate_used,created_at
STORE_3,1,STORE_3_V10000,2025-08-01,SALE,78,LBL00101,NECKLACE,916,46.999,46.544,0.024,42.634,265288.23,5651.67,2025-08-01
STORE_3,2,STORE_3_V10001,2025-08-01,SALE,110,LBL00171,EARRING,750,2.107,1.544,0.0,1.158,7496.82,5857.35,2025-08-01
STORE_3,3,STORE_3_V10002,2025-08-01,SALE,7,LBL00159,EARRING,750,2.61,2.094,0.019,1.571,9331.4,5441.96,2025-08-01
STORE_3,4,STORE_3_V10003,2025-08-01,SALE,21,LBL00146,BANGLE,916,3.124,3.057,0.004,2.8,16007.44,5361.41,2025-08-01
STORE_3,5,STORE_3_V10004,2025-08-01,SALE,48,LBL00225,BANGLE,916,46.249,46.194,0.033,42.314,235992.37,5437.69,2025-08-01
STORE_3,6,STORE_3_V10005,2025-08-01,SALE,39,LBL00031,NECKLACE,916,34.833,34.739,0.047,31.821,205814.65,5859.46,2025-08-01
STORE_3,7,STORE_3_V10006,2025-08-01,SALE,16,LBL00053,CHAIN,916,23.006,22.454,0.0,20.568,125713.49,5891.41,2025-08-01
STORE_3,8,STORE_3_V10007,2025-08-01,SALE,12,LBL00029,BRACELET,585,4.29,3.852,0.043,2.253,14313.28,5639.54,2025-08-01
STORE_3,9,STORE_3_V10008,2025-08-01,SALE,3,LBL00070,NECKLACE,916,58.341,57.916,0.003,53.051,316084.5,5719.64,2025-08-01
STORE_3,10,STORE_3_V10009,2025-08-01,SALE,87,LBL00102,BANGLE,916,36.032,35.799,0.0,32.792,202494.72,5818.77,2025-08-01
STORE_3,11,STORE_3_V10010,2025-08-02,SALE,115,LBL00148,CHAIN,750,51.976,51.94,0.0,38.955,248690.63,5851.61,2025-08-02
STORE_3,12,STORE_3_V10011,2025-08-02,SALE,62,LBL00185,CHAIN,916,42.769,42.639,0.0,39.057,234358.03,5419.45,2025-08-02
STORE_3,13,STORE_3_V10012,2025-08-03,SALE,58,LBL00177,PENDANT,916,9.137,8.649,0.0,7.922,49054.82,5822.31,2025-08-03
STORE_3,14,STORE_3_V10013,2025-08-03,SALE,90,LBL00244,BANGLE,916,20.457,20.159,0.0,18.466,111459.75,5755.91,2025-08-03
STORE_3,15,STORE_3_V10014,2025-08-03,SALE,77,LBL00023,EARRING,916,3.145,2.918,0.027,2.673,16702.27,5491.89,2025-08-03
STORE_3,16,STORE_3_V10015,2025-08-03,SALE,71,LBL00186,BANGLE,916,16.891,16.562,0.015,15.171,86360.14,5472.95,2025-08-03
STORE_3,17,STORE_3_V10016,2025-08-03,SALE,48,LBL00103,EARRING,585,3.733,3.447,0.015,2.016,11909.2,5330.56,2025-08-03
STORE_3,18,STORE_3_V10017,2025-08-03,SALE,64,LBL00228,BRACELET,750,17.864,17.455,0.018,13.091,78522.16,5533.67,2025-08-03
STORE_3,19,STORE_3_V10018,2025-08-04,SALE,119,LBL00086,RING,916,8.303,8.081,0.023,7.402,45530.19,5610.54,2025-08-04
STORE_3,20,STORE_3_V10019,2025-08-04,SALE,6,LBL00228,BRACELET,750,18.236,18.023,0.0,13.517,83674.81,5611.25,2025-08-04
STORE_3,21,STORE_3_V10020,2025-08-04,SALE,109,LBL00041,RING,916,8.63,8.149,0.0,7.464,47657.08,5791.48,2025-08-04
STORE_3,22,STORE_3_V10021,2025-08-04,SALE,11,LBL00102,BANGLE,916,31.802,31.306,0.0,28.676,172569.97,5613.96,2025-08-04
STORE_3,23,STORE_3_V10022,2025-08-05,SALE,120,LBL00066,BRACELET,916,10.671,10.336,0.0,9.468,59444.48,5714.07,2025-08-05
STORE_3,24,STORE_3_V10023,2025-08-05,SALE,15,LBL00126,BANGLE,750,28.001,27.799,0.011,20.849,124827.94,5507.4,2025-08-05
STORE_3,25,STORE_3_V10024,2025-08-06,SALE,74,LBL00057,PENDANT,585,10.116,9.899,0.034,5.791,36321.24,5931.38,2025-08-06
STORE_3,26,STORE_3_V10025,2025-08-06,SALE,59,LBL00165,BANGLE,916,27.967,27.865,0.0,25.524,167163.13,5863.63,2025-08-06
STORE_3,27,STORE_3_V10026,2025-08-06,SALE,14,LBL00205,BANGLE,916,4.229,3.927,0.0,3.597,21454.47,5444.19,2025-08-06
STORE_3,28,STORE_3_V10027,2025-08-06,SALE,106,LBL00078,PENDANT,916,10.046,9.913,0.0,9.08,49735.69,5361.57,2025-08-06
STORE_3,29,STORE_3_V10028,2025-08-06,SALE,16,LBL00076,PENDANT,916,11.354,11.222,0.0,10.279,58853.28,5548.61,2025-08-06
STORE_3,30,STORE_3_V10029,2025-08-06,SALE,46,LBL00242,CHAIN,750,41.581,41.181,0.0,30.886,177883.72,5439.65,2025-08-06
STORE_3,31,STORE_3_V10030,2025-08-06,SALE,39,LBL00054,RING,916,6.207,5.944,0.092,5.445,34756.38,5679.18,2025-08-06
STORE_3,32,STORE_3_V10031,2025-08-06,SALE,63,LBL00174,NECKLACE,916,34.03,33.444,0.016,30.635,175465.11,5247.19,2025-08-06
STORE_3,33,STORE_3_V10032,2025-08-06,SALE,103,LBL00221,PENDANT,916,12.04,11.804,0.077,10.812,65619.3,5527.23,2025-08-06
STORE_3,34,STORE_3_V10033,2025-08-07,SALE,88,LBL00243,RING,750,9.689,9.39,0.0,7.043,45642.18,5913.38,2025-08-07
STORE_3,35,STORE_3_V10034,2025-08-07,SALE,61,LBL00023,EARRING,916,3.169,3.01,0.0,2.757,17282.76,5742.86,2025-08-07
STORE_3,36,STORE_3_V10035,2025-08-07,SALE,13,LBL00237,BRACELET,750,27.304,27.026,0.005,20.27,123063.04,5928.56,2025-08-07
STORE_3,37,STORE_3_V10036,2025-08-07,SALE,71,LBL00080,RING,750,2.719,2.25,0.011,1.688,9676.26,5518.58,2025-08-07
STORE_3,38,STORE_3_V10037,2025-08-07,SALE,76,LBL00033,RING,916,1.835,1.316,0.0,1.205,7147.96,5542.77,2025-08-07
STORE_3,39,STORE_3_V10038,2025-08-07,SALE,36,LBL00119,PENDANT,916,9.158,8.737,0.04,8.003,49629.29,5608.0,2025-08-07
STORE_3,40,STORE_3_V10039,2025-08-07,SALE,75,LBL00065,BRACELET,585,23.892,23.813,0.049,13.931,86546.41,5870.12,2025-08-07
STORE_3,41,STORE_3_V10040,2025-08-07,SALE,6,LBL00042,RING,585,7.79,7.609,0.009,4.451,28550.32,5716.07,2025-08-07
STORE_3,42,STORE_3_V10041,2025-08-08,SALE,62,LBL00051,PENDANT,916,5.421,5.124,0.0,4.694,29332.53,5757.34,2025-08-08
STORE_3,43,STORE_3_V10042,2025-08-08,SALE,99,LBL00046,RING,916,7.246,7.014,0.004,6.425,38295.21,5468.15,2025-08-08
STORE_3,44,STORE_3_V10043,2025-08-08,SALE,64,LBL00217,PENDANT,750,3.364,3.219,0.04,2.414,15299.89,5902.85,2025-08-08
STORE_3,45,STORE_3_V10044,2025-08-09,SALE,17,LBL00036,CHAIN,916,32.95,32.503,0.056,29.773,175073.94,5538.24,2025-08-09
STORE_3,46,STORE_3_V10045,2025-08-09,SALE,56,LBL00179,NECKLACE,916,19.115,19.093,0.09,17.489,104471.77,5488.33,2025-08-09
STORE_3,47,STORE_3_V10046,2025-08-09,SALE,61,LBL00108,BRACELET,916,15.403,15.373,0.028,14.082,80313.81,5526.91,2025-08-09
STORE_3,48,STORE_3_V10047,2025-08-09,SALE,113,LBL00068,BRACELET,916,26.403,25.833,0.009,23.663,138214.51,5587.59,2025-08-09
STORE_3,49,STORE_3_V10048,2025-08-10,SALE,4,LBL00031,NECKLACE,916,38.046,37.94,0.019,34.753,202786.21,5365.51,2025-08-10
STORE_3,50,STORE_3_V10049,2025-08-10,SALE,48,LBL00140,PENDANT,750,5.263,4.924,0.003,3.693,22251.21,5789.85,2025-08-10
STORE_3,51,STORE_3_V10050,2025-08-10,SALE,15,LBL00106,EARRING,916,10.124,9.784,0.0,8.962,53366.02,5439.75,2025-08-10
STORE_3,52,STORE_3_V10051,2025-08-10,SALE,2,LBL00101,NECKLACE,916,53.098,52.869,0.079,48.428,280374.34,5305.62,2025-08-10
STORE_3,53,STORE_3_V10052,2025-08-11,SALE,39,LBL00003,CHAIN,916,5.086,4.557,0.0,4.174,24069.74,5399.23,2025-08-11
STORE_3,54,STORE_3_V10053,2025-08-11,SALE,25,LBL00055,RING,916,2.954,2.552,0.024,2.338,13469.49,5295.82,2025-08-11
STORE_3,55,STORE_3_V10054,2025-08-11,SALE,81,LBL00163,BANGLE,750,15.246,14.917,0.0,11.188,63694.62,5315.77,2025-08-11
STORE_3,56,STORE_3_V10055,2025-08-11,SALE,98,LBL00221,PENDANT,916,9.541,9.491,0.099,8.694,49035.67,5276.9,2025-08-11
STORE_3,57,STORE_3_V10056,2025-08-11,SALE,97,LBL00161,RING,750,8.881,8.627,0.019,6.47,40203.2,5817.0,2025-08-11
STORE_3,58,STORE_3_V10057,2025-08-11,SALE,56,LBL00193,EARRING,916,9.042,9.007,0.016,8.25,47281.04,5244.78,2025-08-11
STORE_3,59,STORE_3_V10058,2025-08-11,SALE,48,LBL00239,PENDANT,750,9.761,9.52,0.084,7.14,43972.54,5385.68,2025-08-11
STORE_3,60,STORE_3_V10059,2025-08-11,SALE,79,LBL00123,CHAIN,916,58.458,57.888,0.089,53.025,331694.82,5686.92,2025-08-11
STORE_3,61,STORE_3_V10060,2025-08-11,SALE,31,LBL00041,RING,916,9.098,8.735,0.01,8.001,45762.57,5278.66,2025-08-11
STORE_3,62,STORE_3_V10061,2025-08-11,SALE,9,LBL00107,NECKLACE,750,14.971,14.63,0.0,10.973,60399.33,5253.56,2025-08-11
STORE_3,63,STORE_3_V10062,2025-08-11,SALE,60,LBL00072,BANGLE,585,2.523,2.129,0.006,1.245,7439.61,5607.73,2025-08-11
STORE_3,64,STORE_3_V10063,2025-08-12,SALE,61,LBL00219,BANGLE,585,23.22,22.908,0.038,13.401,84797.82,5825.25,2025-08-12
STORE_3,65,STORE_3_V10064,2025-08-12,SALE,119,LBL00144,EARRING,916,7.669,7.257,0.066,6.647,40955.7,5635.4,2025-08-12
STORE_3,66,STORE_3_V10065,2025-08-12,SALE,89,LBL00024,BRACELET,916,26.248,25.949,0.011,23.769,138373.91,5665.7,2025-08-12
STORE_3,67,STORE_3_V10066,2025-08-12,SALE,35,LBL00162,BANGLE,585,40.956,40.395,0.012,23.631,141848.56,5387.91,2025-08-12
STORE_3,68,STORE_3_V10067,2025-08-12,SALE,117,LBL00083,CHAIN,916,11.203,11.052,0.0,10.124,60768.85,5444.04,2025-08-12
STORE_3,69,STORE_3_V10068,2025-08-12,SALE,87,LBL00133,EARRING,916,7.954,7.701,0.012,7.054,41977.28,5703.82,2025-08-12
STORE_3,70,STORE_3_V10069,2025-08-12,SALE,114,LBL00157,BRACELET,750,16.847,16.373,0.004,12.28,76651.42,5715.48,2025-08-12
STORE_3,71,STORE_3_V10070,2025-08-13,SALE,27,LBL00083,CHAIN,916,11.128,10.647,0.052,9.753,57334.49,5308.81,2025-08-13
STORE_3,72,STORE_3_V10071,2025-08-13,SALE,82,LBL00075,RING,916,2.247,2.091,0.079,1.915,12754.73,5818.73,2025-08-13
STORE_3,73,STORE_3_V10072,2025-08-13,SALE,104,LBL00166,CHAIN,916,20.387,20.084,0.0,18.397,117510.16,5737.68,2025-08-13
STORE_3,74,STORE_3_V10073,2025-08-13,SALE,69,LBL00118,EARRING,750,11.689,11.478,0.012,8.608,52138.97,5405.56,2025-08-13
STORE_3,75,STORE_3_V10074,2025-08-13,SALE,71,LBL00209,BANGLE,916,20.786,20.196,0.0,18.5,112287.85,5805.57,2025-08-13
STORE_3,76,STORE_3_V10075,2025-08-13,SALE,59,LBL00127,BRACELET,916,9.336,8.774,0.058,8.037,47800.61,5423.12,2025-08-13
STORE_3,77,STORE_3_V10076,2025-08-13,SALE,35,LBL00051,PENDANT,916,5.438,5.398,0.031,4.945,28882.9,5575.04,2025-08-13
STORE_3,78,STORE_3_V10077,2025-08-13,SALE,50,LBL00112,RING,916,5.844,5.649,0.0,5.174,31211.62,5483.35,2025-08-13
STORE_3,79,STORE_3_V10078,2025-08-13,SALE,6,LBL00014,BANGLE,916,15.059,14.549,0.002,13.327,77210.49,5607.68,2025-08-13
STORE_3,80,STORE_3_V10079,2025-08-13,SALE,119,LBL00025,EARRING,916,13.263,12.815,0.01,11.739,74242.74,5862.29,2025-08-13
STORE_3,81,STORE_3_V10080,2025-08-13,SALE,15,LBL00003,CHAIN,916,4.874,4.665,0.072,4.273,25296.8,5428.19,2025-08-13
STORE_3,82,STORE_3_V10081,2025-08-14,SALE,78,LBL00159,EARRING,750,2.656,2.309,0.019,1.732,10186.53,5477.79,2025-08-14
STORE_3,83,STORE_3_V10082,2025-08-14,SALE,71,LBL00006,NECKLACE,750,5.218,4.863,0.0,3.647,22834.02,5915.98,2025-08-14
STORE_3,84,STORE_3_V10083,2025-08-14,SALE,79,LBL00139,RING,916,5.476,5.456,0.0,4.998,32150.58,5754.43,2025-08-14
STORE_3,85,STORE_3_V10084,2025-08-14,SALE,104,LBL00070,NECKLACE,916,62.017,61.72,0.0,56.536,325612.43,5515.58,2025-08-14
STORE_3,86,STORE_3_V10085,2025-08-14,SALE,22,LBL00157,BRACELET,750,14.908,14.372,0.0,10.779,61253.28,5227.27,2025-08-14
STORE_3,87,STORE_3_V10086,2025-08-14,SALE,75,LBL00112,RING,916,5.855,5.337,0.022,4.889,29446.93,5391.01,2025-08-14
STORE_3,88,STORE_3_V10087,2025-08-15,SALE,57,LBL00183,EARRING,916,3.571,3.3,0.043,3.023,18451.23,5761.75,2025-08-15
STORE_3,89,STORE_3_V10088,2025-08-15,SALE,35,LBL00196,PENDANT,916,9.232,9.101,0.022,8.337,51752.69,5850.73,2025-08-15
STORE_3,90,STORE_3_V10089,2025-08-15,SALE,64,LBL00006,NECKLACE,750,5.76,5.451,0.042,4.088,25088.14,5658.69,2025-08-15
STORE_3,91,STORE_3_V10090,2025-08-15,SALE,10,LBL00181,NECKLACE,750,14.303,13.938,0.008,10.454,60170.91,5513.86,2025-08-15
STORE_3,92,STORE_3_V10091,2025-08-15,SALE,52,LBL00091,RING,585,9.626,9.454,0.018,5.531,33946.34,5496.3,2025-08-15
STORE_3,93,STORE_3_V10092,2025-08-15,SALE,4,LBL00246,RING,916,5.637,5.222,0.024,4.783,29522.43,5723.77,2025-08-15
STORE_3,94,STORE_3_V10093,2025-08-15,SALE,3,LBL00205,BANGLE,916,4.081,3.842,0.007,3.519,19716.55,5239.65,2025-08-15
STORE_3,95,STORE_3_V10094,2025-08-15,SALE,117,LBL00115,CHAIN,916,37.803,37.543,0.013,34.389,195996.52,5388.42,2025-08-15
STORE_3,96,STORE_3_V10095,2025-08-15,SALE,62,LBL00067,PENDANT,585,5.282,5.179,0.0,3.03,18605.92,5686.18,2025-08-15
STORE_3,97,STORE_3_V10096,2025-08-16,SALE,5,LBL00217,PENDANT,750,3.461,2.873,0.001,2.155,12680.41,5388.43,2025-08-16
STORE_3,98,STORE_3_V10097,2025-08-16,SALE,12,LBL00041,RING,916,9.547,9.174,0.005,8.403,49480.94,5281.67,2025-08-16
STORE_3,99,STORE_3_V10098,2025-08-16,SALE,20,LBL00116,CHAIN,750,42.217,42.034,0.014,31.526,193534.06,5879.91,2025-08-16
STORE_3,100,STORE_3_V10099,2025-08-16,SALE,22,LBL00080,RING,750,2.189,1.872,0.0,1.404,8574.19,5668.98,2025-08-16
STORE_3,101,STORE_3_V10100,2025-08-16,SALE,101,LBL00201,NECKLACE,916,42.499,41.975,0.0,38.449,227150.59,5561.23,2025-08-16
STORE_3,102,STORE_3_V10101,2025-08-16,SALE,31,LBL00043,PENDANT,916,13.235,13.215,0.0,12.105,70133.42,5280.09,2025-08-16
STORE_3,103,STORE_3_V10102,2025-08-17,SALE,101,LBL00210,PENDANT,585,10.628,10.513,0.0,6.15,36534.01,5620.71,2025-08-17
STORE_3,104,STORE_3_V10103,2025-08-17,SALE,20,LBL00046,RING,916,7.404,7.079,0.0,6.484,37499.31,5231.25,2025-08-17
STORE_3,105,STORE_3_V10104,2025-08-17,SALE,35,LBL00197,CHAIN,916,38.738,38.425,0.0,35.197,218681.28,5864.81,2025-08-17
STORE_3,106,STORE_3_V10105,2025-08-17,SALE,7,LBL00043,PENDANT,916,12.523,12.236,0.0,11.208,67040.25,5660.41,2025-08-17
STORE_3,107,STORE_3_V10106,2025-08-17,SALE,36,LBL00201,NECKLACE,916,39.58,39.297,0.009,35.996,199598.68,5303.56,2025-08-17
STORE_3,108,STORE_3_V10107,2025-08-17,SALE,78,LBL00164,BANGLE,585,15.829,15.374,0.0,8.994,50199.72,5322.17,2025-08-17
STORE_3,109,STORE_3_V10108,2025-08-17,SALE,103,LBL00136,EARRING,916,6.238,5.939,0.028,5.44,35071.11,5744.26,2025-08-17
STORE_3,110,STORE_3_V10109,2025-08-18,SALE,83,LBL00247,PENDANT,916,11.716,11.149,0.016,10.212,63788.18,5637.89,2025-08-18
STORE_3,111,STORE_3_V10110,2025-08-18,SALE,97,LBL00104,EARRING,916,16.287,16.129,0.008,14.774,89190.86,5838.42,2025-08-18
STORE_3,112,STORE_3_V10111,2025-08-18,SALE,27,LBL00010,EARRING,916,14.973,14.92,0.017,13.667,80803.63,5307.61,2025-08-18
STORE_3,113,STORE_3_V10112,2025-08-18,SALE,49,LBL00098,BANGLE,916,37.925,37.738,0.0,34.568,189537.07,5367.07,2025-08-18
STORE_3,114,STORE_3_V10113,2025-08-18,SALE,100,LBL00112,RING,916,6.127,5.74,0.0,5.258,32539.58,5647.16,2025-08-18
STORE_3,115,STORE_3_V10114,2025-08-18,SALE,84,LBL00036,CHAIN,916,27.576,27.098,0.012,24.822,135716.93,5236.71,2025-08-18
STORE_3,116,STORE_3_V10115,2025-08-18,SALE,33,LBL00113,EARRING,916,10.085,9.788,0.036,8.966,51761.62,5490.67,2025-08-18
STORE_3,117,STORE_3_V10116,2025-08-18,SALE,54,LBL00034,BANGLE,750,30.464,29.888,0.0,22.416,146264.98,5866.38,2025-08-18
STORE_3,118,STORE_3_V10117,2025-08-18,SALE,48,LBL00076,PENDANT,916,11.446,11.405,0.045,10.447,68449.04,5859.24,2025-08-18
STORE_3,119,STORE_3_V10118,2025-08-18,SALE,77,LBL00020,BANGLE,916,17.299,17.116,0.055,15.678,92927.79,5253.97,2025-08-18
STORE_3,120,STORE_3_V10119,2025-08-19,SALE,46,LBL00018,NECKLACE,585,50.385,50.179,0.018,29.355,175832.46,5343.65,2025-08-19
STORE_3,121,STORE_3_V10120,2025-08-19,SALE,96,LBL00038,CHAIN,916,37.716,37.286,0.001,34.154,206769.27,5589.3,2025-08-19
STORE_3,122,STORE_3_V10121,2025-08-19,SALE,4,LBL00096,EARRING,916,12.523,12.248,0.016,11.219,67672.15,5554.11,2025-08-19
STORE_3,123,STORE_3_V10122,2025-08-19,SALE,48,LBL00073,BRACELET,585,6.633,6.593,0.059,3.857,25639.59,5856.73,2025-08-19
STORE_3,124,STORE_3_V10123,2025-08-19,SALE,98,LBL00111,NECKLACE,916,66.2,65.887,0.073,60.352,349955.04,5629.94,2025-08-19
STORE_3,125,STORE_3_V10124,2025-08-19,SALE,20,LBL00248,EARRING,750,7.612,7.052,0.017,5.289,33416.78,5735.7,2025-08-19
STORE_3,126,STORE_3_V10125,2025-08-19,SALE,35,LBL00163,BANGLE,750,15.62,15.525,0.0,11.644,67842.24,5499.48,2025-08-19
STORE_3,127,STORE_3_V10126,2025-08-19,SALE,6,LBL00011,BRACELET,916,25.245,25.056,0.0,22.951,137244.21,5632.05,2025-08-19
STORE_3,128,STORE_3_V10127,2025-08-19,SALE,114,LBL00212,BANGLE,916,25.647,25.548,0.057,23.402,145403.88,5933.15,2025-08-19
STORE_3,129,STORE_3_V10128,2025-08-19,SALE,21,LBL00017,RING,916,2.996,2.479,0.015,2.271,13919.74,5787.71,2025-08-19
STORE_3,130,STORE_3_V10129,2025-08-20,SALE,87,LBL00237,BRACELET,750,25.182,24.881,0.0,18.661,114213.5,5805.36,2025-08-20
STORE_3,131,STORE_3_V10130,2025-08-20,SALE,48,LBL00187,CHAIN,916,25.408,24.896,0.012,22.805,142377.37,5616.77,2025-08-20
STORE_3,132,STORE_3_V10131,2025-08-20,SALE,43,LBL00190,BRACELET,750,25.206,24.823,0.011,18.617,117318.94,5702.44,2025-08-20
STORE_3,133,STORE_3_V10132,2025-08-20,SALE,67,LBL00151,BANGLE,916,32.714,32.301,0.078,29.588,177174.01,5400.39,2025-08-20
STORE_3,134,STORE_3_V10133,2025-08-20,SALE,62,LBL00112,RING,916,6.233,6.062,0.03,5.553,37243.29,5920.52,2025-08-20
STORE_3,135,STORE_3_V10134,2025-08-20,SALE,76,LBL00014,BANGLE,916,15.521,15.334,0.002,14.046,78078.37,5330.8,2025-08-20
STORE_3,136,STORE_3_V10135,2025-08-21,SALE,32,LBL00226,NECKLACE,750,50.97,50.686,0.0,38.014,232935.68,5723.63,2025-08-21
STORE_3,137,STORE_3_V10136,2025-08-21,SALE,96,LBL00106,EARRING,916,10.281,10.035,0.033,9.192,50816.52,5283.01,2025-08-21
STORE_3,138,STORE_3_V10137,2025-08-21,SALE,119,LBL00124,RING,750,7.105,6.704,0.019,5.028,28365.13,5265.69,2025-08-21
STORE_3,139,STORE_3_V10138,2025-08-21,SALE,20,LBL00111,NECKLACE,916,67.111,66.857,0.0,61.241,353281.38,5489.82,2025-08-21
STORE_3,140,STORE_3_V10139,2025-08-21,SALE,113,LBL00125,BRACELET,916,31.686,31.087,0.029,28.476,173954.95,5514.8,2025-08-21
STORE_3,141,STORE_3_V10140,2025-08-21,SALE,32,LBL00074,NECKLACE,916,30.086,29.716,0.0,27.22,166070.85,5652.56,2025-08-21
STORE_3,142,STORE_3_V10141,2025-08-21,SALE,11,LBL00219,BANGLE,585,20.615,20.546,0.0,12.019,67527.1,5231.07,2025-08-21
STORE_3,143,STORE_3_V10142,2025-08-21,SALE,115,LBL00127,BRACELET,916,9.652,9.588,0.0,8.783,47637.48,5226.49,2025-08-21
STORE_3,144,STORE_3_V10143,2025-08-22,SALE,108,LBL00075,RING,916,2.443,2.217,0.013,2.031,11326.28,5287.58,2025-08-22
STORE_3,145,STORE_3_V10144,2025-08-22,SALE,43,LBL00080,RING,750,2.822,2.753,0.008,2.065,11185.15,5253.25,2025-08-22
STORE_3,146,STORE_3_V10145,2025-08-22,SALE,25,LBL00237,BRACELET,750,28.981,28.505,0.041,21.379,125386.59,5575.61,2025-08-22
STORE_3,147,STORE_3_V10146,2025-08-22,SALE,79,LBL00075,RING,916,2.418,1.914,0.0,1.753,9768.07,5428.38,2025-08-22
STORE_3,148,STORE_3_V10147,2025-08-22,SALE,110,LBL00156,NECKLACE,585,50.297,50.134,0.01,29.328,180860.66,5658.64,2025-08-22
STORE_3,149,STORE_3_V10148,2025-08-22,SALE,51,LBL00009,BANGLE,916,14.871,14.358,0.0,13.152,80604.12,5804.34,2025-08-22
STORE_3,150,STORE_3_V10149,2025-08-23,SALE,38,LBL00079,CHAIN,750,11.421,11.025,0.021,8.269,53864.7,5890.31,2025-08-23
STORE_3,151,STORE_3_V10150,2025-08-23,SALE,40,LBL00217,PENDANT,750,3.339,2.936,0.0,2.202,12156.62,5331.34,2025-08-23
STORE_3,152,STORE_3_V10151,2025-08-23,SALE,8,LBL00021,RING,585,6.24,5.883,0.0,3.442,21107.71,5938.73,2025-08-23
STORE_3,153,STORE_3_V10152,2025-08-23,SALE,10,LBL00186,BANGLE,916,17.782,17.605,0.014,16.126,99501.3,5639.18,2025-08-23
STORE_3,154,STORE_3_V10153,2025-08-23,SALE,53,LBL00112,RING,916,6.085,6.003,0.073,5.499,33737.04,5441.32,2025-08-23
STORE_3,155,STORE_3_V10154,2025-08-23,SALE,61,LBL00230,RING,585,4.455,4.058,0.003,2.374,13112.84,5361.91,2025-08-23
STORE_3,156,STORE_3_V10155,2025-08-23,SALE,108,LBL00009,BANGLE,916,14.697,14.184,0.008,12.993,80561.97,5805.95,2025-08-23
STORE_3,157,STORE_3_V10156,2025-08-23,SALE,51,LBL00248,EARRING,750,7.814,7.342,0.009,5.506,35138.44,5808.28,2025-08-23
STORE_3,158,STORE_3_V10157,2025-08-23,SALE,55,LBL00182,EARRING,916,1.25,0.852,0.087,0.78,5929.8,5356.53,2025-08-23
STORE_3,159,STORE_3_V10158,2025-08-23,SALE,33,LBL00043,PENDANT,916,10.299,10.044,0.044,9.2,52147.41,5464.21,2025-08-23
STORE_3,160,STORE_3_V10159,2025-08-23,SALE,31,LBL00036,CHAIN,916,29.832,29.519,0.048,27.039,174163.37,5873.72,2025-08-23
STORE_3,161,STORE_3_V10160,2025-08-23,SALE,5,LBL00107,NECKLACE,750,13.296,12.831,0.014,9.623,59192.64,5797.15,2025-08-23
STORE_3,162,STORE_3_V10161,2025-08-24,SALE,62,LBL00027,PENDANT,916,8.133,7.668,0.02,7.024,41038.99,5330.68,2025-08-24
STORE_3,163,STORE_3_V10162,2025-08-24,SALE,95,LBL00220,BANGLE,916,46.352,45.903,0.011,42.047,276020.36,5861.05,2025-08-24
STORE_3,164,STORE_3_V10163,2025-08-24,SALE,119,LBL00157,BRACELET,750,16.05,15.679,0.038,11.759,69777.34,5747.86,2025-08-24
STORE_3,165,STORE_3_V10164,2025-08-25,SALE,69,LBL00075,RING,916,2.447,1.849,0.002,1.694,9846.03,5462.81,2025-08-25
STORE_3,166,STORE_3_V10165,2025-08-25,SALE,102,LBL00161,RING,750,9.872,9.825,0.046,7.369,47512.83,5878.59,2025-08-25
STORE_3,167,STORE_3_V10166,2025-08-25,SALE,119,LBL00060,CHAIN,585,18.444,18.248,0.022,10.675,64435.87,5414.26,2025-08-25
STORE_3,168,STORE_3_V10167,2025-08-25,SALE,5,LBL00219,BANGLE,585,25.051,24.559,0.025,14.367,83853.28,5414.74,2025-08-25
STORE_3,169,STORE_3_V10168,2025-08-25,SALE,29,LBL00011,BRACELET,916,24.811,24.239,0.012,22.203,119101.63,5226.61,2025-08-25
STORE_3,170,STORE_3_V10169,2025-08-25,SALE,103,LBL00020,BANGLE,916,18.211,17.727,0.081,16.238,98028.17,5615.78,2025-08-25
STORE_3,171,STORE_3_V10170,2025-08-25,SALE,112,LBL00129,BANGLE,750,25.146,24.574,0.015,18.431,112585.94,5699.27,2025-08-25
STORE_3,172,STORE_3_V10171,2025-08-25,SALE,28,LBL00149,CHAIN,750,17.265,16.94,0.029,12.705,70803.58,5307.85,2025-08-25
STORE_3,173,STORE_3_V10172,2025-08-25,SALE,72,LBL00100,CHAIN,916,54.563,54.125,0.0,49.579,289705.42,5368.18,2025-08-25
STORE_3,174,STORE_3_V10173,2025-08-25,SALE,43,LBL00021,RING,585,5.457,5.065,0.001,2.963,17267.79,5317.86,2025-08-25
STORE_3,175,STORE_3_V10174,2025-08-25,SALE,22,LBL00067,PENDANT,585,5.521,5.123,0.008,2.997,18431.89,5872.76,2025-08-25
STORE_3,176,STORE_3_V10175,2025-08-25,SALE,47,LBL00042,RING,585,7.923,7.855,0.006,4.595,27811.52,5612.76,2025-08-25
STORE_3,177,STORE_3_V10176,2025-08-26,SALE,20,LBL00020,BANGLE,916,16.214,15.689,0.0,14.371,83118.42,5272.18,2025-08-26
STORE_3,178,STORE_3_V10177,2025-08-26,SALE,35,LBL00195,CHAIN,750,52.759,52.18,0.0,39.135,228909.46,5466.33,2025-08-26
STORE_3,179,STORE_3_V10178,2025-08-26,SALE,100,LBL00214,BRACELET,916,33.341,33.016,0.012,30.243,180893.32,5702.62,2025-08-26
STORE_3,180,STORE_3_V10179,2025-08-26,SALE,46,LBL00022,RING,750,4.123,3.647,0.004,2.735,17110.33,5801.72,2025-08-26
STORE_3,181,STORE_3_V10180,2025-08-26,SALE,93,LBL00065,BRACELET,585,25.4,25.379,0.08,14.847,89660.25,5792.22,2025-08-26
STORE_3,182,STORE_3_V10181,2025-08-27,SALE,19,LBL00042,RING,585,7.329,7.117,0.082,4.163,26157.87,5607.39,2025-08-27
STORE_3,183,STORE_3_V10182,2025-08-27,SALE,97,LBL00237,BRACELET,750,28.443,28.06,0.0,21.045,126898.5,5503.33,2025-08-27
STORE_3,184,STORE_3_V10183,2025-08-27,SALE,104,LBL00027,PENDANT,916,8.224,7.912,0.011,7.247,42269.51,5360.95,2025-08-27
STORE_3,185,STORE_3_V10184,2025-08-27,SALE,76,LBL00199,BRACELET,750,25.377,24.926,0.0,18.694,118763.78,5757.43,2025-08-27
STORE_3,186,STORE_3_V10185,2025-08-27,SALE,117,LBL00240,CHAIN,750,15.847,15.376,0.077,11.532,69948.57,5501.9,2025-08-27
STORE_3,187,STORE_3_V10186,2025-08-28,SALE,6,LBL00231,EARRING,750,12.276,12.245,0.0,9.184,56296.69,5479.13,2025-08-28
STORE_3,188,STORE_3_V10187,2025-08-28,SALE,48,LBL00240,CHAIN,750,16.422,16.029,0.037,12.022,66673.24,5230.32,2025-08-28
STORE_3,189,STORE_3_V10188,2025-08-28,SALE,11,LBL00119,PENDANT,916,8.287,8.198,0.0,7.509,43585.86,5626.41,2025-08-28
STORE_3,190,STORE_3_V10189,2025-08-28,SALE,61,LBL00035,BANGLE,916,49.891,49.589,0.073,45.424,269992.83,5468.6,2025-08-28
STORE_3,191,STORE_3_V10190,2025-08-28,SALE,101,LBL00009,BANGLE,916,14.244,13.741,0.005,12.587,75092.67,5609.01,2025-08-28
STORE_3,192,STORE_3_V10191,2025-08-28,SALE,110,LBL00010,EARRING,916,14.428,14.355,0.013,13.149,85281.21,5938.86,2025-08-28
STORE_3,193,STORE_3_V10192,2025-08-28,SALE,49,LBL00209,BANGLE,916,20.461,19.861,0.007,18.193,103278.52,5519.6,2025-08-28
STORE_3,194,STORE_3_V10193,2025-08-28,SALE,47,LBL00136,EARRING,916,5.123,5.069,0.015,4.643,26414.54,5515.91,2025-08-28
STORE_3,195,STORE_3_V10194,2025-08-29,SALE,24,LBL00084,RING,750,5.808,5.378,0.0,4.034,25215.96,5656.08,2025-08-29
STORE_3,196,STORE_3_V10195,2025-08-29,SALE,15,LBL00093,EARRING,750,15.024,14.958,0.015,11.219,63377.93,5452.59,2025-08-29
STORE_3,197,STORE_3_V10196,2025-08-29,SALE,28,LBL00148,CHAIN,750,59.817,59.463,0.0,44.597,267023.09,5422.71,2025-08-29
STORE_3,198,STORE_3_V10197,2025-08-29,SALE,97,LBL00141,EARRING,585,14.717,14.388,0.0,8.417,50957.96,5617.49,2025-08-29
STORE_3,199,STORE_3_V10198,2025-08-29,SALE,70,LBL00177,PENDANT,916,8.748,8.563,0.066,7.844,45046.23,5296.81,2025-08-29
STORE_3,200,STORE_3_V10199,2025-08-29,SALE,6,LBL00239,PENDANT,750,9.294,9.1,0.005,6.825,40871.0,5463.29,2025-08-29
STORE_3,201,STORE_3_V10200,2025-08-29,SALE,9,LBL00036,CHAIN,916,31.864,31.798,0.0,29.127,174893.85,5862.35,2025-08-29
STORE_3,202,STORE_3_V10201,2025-08-29,SALE,47,LBL00208,EARRING,916,5.389,5.139,0.0,4.707,28606.03,5647.46,2025-08-29
STORE_3,203,STORE_3_V10202,2025-08-29,SALE,32,LBL00204,BRACELET,916,5.064,5.006,0.0,4.585,29395.51,5881.49,2025-08-29
STORE_3,204,STORE_3_V10203,2025-08-30,SALE,104,LBL00162,BANGLE,585,40.865,40.845,0.0,23.894,138921.77,5315.56,2025-08-30
STORE_3,205,STORE_3_V10204,2025-08-30,SALE,111,LBL00211,EARRING,916,4.885,4.472,0.0,4.096,22965.48,5228.78,2025-08-30
STORE_3,206,STORE_3_V10205,2025-08-30,SALE,74,LBL00070,NECKLACE,916,60.259,59.78,0.0,54.758,314029.05,5395.11,2025-08-30
STORE_3,207,STORE_3_V10206,2025-08-30,SALE,86,LBL00157,BRACELET,750,16.518,16.279,0.029,12.209,73043.03,5322.39,2025-08-30
STORE_3,208,STORE_3_V10207,2025-08-30,SALE,117,LBL00106,EARRING,916,10.784,10.433,0.005,9.557,57671.62,5837.14,2025-08-30
STORE_3,209,STORE_3_V10208,2025-08-31,SALE,83,LBL00066,BRACELET,916,11.07,10.703,0.0,9.804,56183.65,5514.96,2025-08-31
STORE_3,210,STORE_3_V10209,2025-08-31,SALE,89,LBL00065,BRACELET,585,22.63,22.544,0.0,13.188,83059.59,5639.85,2025-08-31
STORE_3,211,STORE_3_V10210,2025-08-31,SALE,17,LBL00064,CHAIN,750,6.043,5.613,0.0,4.21,26496.76,5757.59,2025-08-31
STORE_3,212,STORE_3_V10211,2025-08-31,SALE,51,LBL00176,BRACELET,585,29.022,28.934,0.0,16.926,91622.56,5305.52,2025-08-31
STORE_3,213,STORE_3_V10212,2025-08-31,SALE,92,LBL00054,RING,916,6.267,6.192,0.0,5.672,33027.83,5469.07,2025-08-31
STORE_3,214,STORE_3_V10213,2025-08-31,SALE,93,LBL00038,CHAIN,916,32.712,32.32,0.0,29.605,171441.65,5457.45,2025-08-31
STORE_3,215,STORE_3_V10214,2025-08-31,SALE,67,LBL00169,RING,916,6.771,6.36,0.033,5.826,35685.53,5838.3,2025-08-31
STORE_3,216,STORE_3_V10215,2025-08-31,SALE,46,LBL00100,CHAIN,916,58.889,58.768,0.0,53.831,338056.95,5903.64,2025-08-31
STORE_3,217,STORE_3_V10216,2025-08-31,SALE,1,LBL00065,BRACELET,585,23.192,22.926,0.0,13.412,80642.68,5860.59,2025-08-31
STORE_3,218,STORE_3_V10217,2025-08-31,SALE,68,LBL00118,EARRING,750,11.928,11.747,0.006,8.81,50244.35,5430.36,2025-08-31
STORE_3,219,STORE_3_V10218,2025-08-31,SALE,55,LBL00046,RING,916,7.419,6.955,0.039,6.371,39093.74,5603.66,2025-08-31
STORE_3,220,STORE_3_V10219,2025-08-31,SALE,39,LBL00090,BANGLE,916,31.366,30.976,0.01,28.374,183161.58,5842.65,2025-08-31
STORE_3,221,STORE_3_V10220,2025-09-01,SALE,21,LBL00070,NECKLACE,916,63.963,63.67,0.045,58.322,319391.76,5237.26,2025-09-01
STORE_3,222,STORE_3_V10221,2025-09-01,SALE,50,LBL00125,BRACELET,916,28.193,28.054,0.051,25.697,156883.6,5892.79,2025-09-01
STORE_3,223,STORE_3_V10222,2025-09-01,SALE,48,LBL00185,CHAIN,916,40.034,39.716,0.0,36.38,227918.56,5695.68,2025-09-01
STORE_3,224,STORE_3_V10223,2025-09-01,SALE,52,LBL00192,RING,916,5.842,5.82,0.096,5.331,32808.23,5301.59,2025-09-01
STORE_3,225,STORE_3_V10224,2025-09-01,SALE,104,LBL00065,BRACELET,585,20.841,20.687,0.086,12.102,77162.36,5635.71,2025-09-01
STORE_3,226,STORE_3_V10225,2025-09-01,SALE,24,LBL00236,RING,916,7.906,7.526,0.0,6.894,42895.24,5910.41,2025-09-01
STORE_3,227,STORE_3_V10226,2025-09-01,SALE,99,LBL00177,PENDANT,916,9.774,9.437,0.034,8.644,50512.55,5568.93,2025-09-01
STORE_3,228,STORE_3_V10227,2025-09-01,SALE,40,LBL00188,BRACELET,916,22.842,22.407,0.013,20.525,128605.43,5800.28,2025-09-01
STORE_3,229,STORE_3_V10228,2025-09-01,SALE,52,LBL00161,RING,750,9.816,9.411,0.057,7.058,41777.12,5480.17,2025-09-01
STORE_3,230,STORE_3_V10229,2025-09-01,SALE,26,LBL00160,PENDANT,585,5.449,4.914,0.001,2.875,16782.82,5465.35,2025-09-01
STORE_3,231,STORE_3_V10230,2025-09-01,SALE,69,LBL00062,BANGLE,916,35.135,34.928,0.0,31.994,196052.94,5627.14,2025-09-01
STORE_3,232,STORE_3_V10231,2025-09-01,SALE,73,LBL00027,PENDANT,916,8.2,7.661,0.0,7.017,39344.42,5256.37,2025-09-01
STORE_3,233,STORE_3_V10232,2025-09-02,SALE,10,LBL00190,BRACELET,750,25.452,25.381,0.044,19.036,111473.51,5322.04,2025-09-02
STORE_3,234,STORE_3_V10233,2025-09-02,SALE,48,LBL00056,EARRING,750,14.013,13.946,0.0,10.46,60938.48,5645.06,2025-09-02
STORE_3,235,STORE_3_V10234,2025-09-02,SALE,83,LBL00072,BANGLE,585,2.529,2.172,0.045,1.271,8156.63,5291.84,2025-09-02
STORE_3,236,STORE_3_V10235,2025-09-02,SALE,16,LBL00157,BRACELET,750,15.399,15.334,0.016,11.5,70090.04,5608.88,2025-09-02
STORE_3,237,STORE_3_V10236,2025-09-02,SALE,31,LBL00195,CHAIN,750,56.486,56.45,0.011,42.338,262879.26,5694.97,2025-09-02
STORE_3,238,STORE_3_V10237,2025-09-02,SALE,119,LBL00002,RING,750,7.236,6.729,0.0,5.047,30460.57,5859.54,2025-09-02
STORE_3,239,STORE_3_V10238,2025-09-02,SALE,75,LBL00129,BANGLE,750,26.989,26.844,0.028,20.133,117875.42,5530.38,2025-09-02
STORE_3,240,STORE_3_V10239,2025-09-02,SALE,97,LBL00092,EARRING,916,12.443,12.166,0.0,11.144,63885.24,5294.72,2025-09-02
STORE_3,241,STORE_3_V10240,2025-09-02,SALE,86,LBL00006,NECKLACE,750,5.153,4.981,0.0,3.736,20640.26,5392.47,2025-09-02
STORE_3,242,STORE_3_V10241,2025-09-02,SALE,26,LBL00046,RING,916,6.956,6.458,0.0,5.916,35691.94,5554.51,2025-09-02
STORE_3,243,STORE_3_V10242,2025-09-02,SALE,80,LBL00058,BANGLE,750,9.23,9.141,0.0,6.856,41602.93,5742.7,2025-09-02
STORE_3,244,STORE_3_V10243,2025-09-02,SALE,113,LBL00194,RING,916,3.353,2.894,0.008,2.651,15629.88,5270.24,2025-09-02
STORE_3,245,STORE_3_V10244,2025-09-03,SALE,1,LBL00097,RING,916,2.649,2.538,0.0,2.325,14737.93,5714.37,2025-09-03
STORE_3,246,STORE_3_V10245,2025-09-03,SALE,11,LBL00028,EARRING,916,15.831,15.37,0.0,14.079,82674.44,5521.76,2025-09-03
STORE_3,247,STORE_3_V10246,2025-09-03,SALE,105,LBL00180,BRACELET,916,5.613,5.505,0.071,5.043,32760.28,5856.94,2025-09-03
STORE_3,248,STORE_3_V10247,2025-09-03,SALE,120,LBL00231,EARRING,750,12.159,11.8,0.098,8.85,55173.22,5858.77,2025-09-03
STORE_3,249,STORE_3_V10248,2025-09-03,SALE,69,LBL00153,CHAIN,916,56.456,56.056,0.0,51.347,306908.54,5528.79,2025-09-03
STORE_3,250,STORE_3_V10249,2025-09-03,SALE,57,LBL00204,BRACELET,916,4.509,4.334,0.012,3.97,25885.61,5887.24,2025-09-03
STORE_3,251,STORE_3_V10250,2025-09-03,SALE,3,LBL00214,BRACELET,916,35.148,35.022,0.008,32.08,200298.99,5607.85,2025-09-03
STORE_3,252,STORE_3_V10251,2025-09-03,SALE,75,LBL00224,NECKLACE,750,62.417,62.339,0.0,46.754,274653.5,5389.26,2025-09-03
STORE_3,253,STORE_3_V10252,2025-09-03,SALE,110,LBL00244,BANGLE,916,19.419,19.342,0.02,17.717,110298.44,5689.5,2025-09-03
STORE_3,254,STORE_3_V10253,2025-09-03,SALE,18,LBL00210,PENDANT,585,11.094,11.053,0.0,6.466,35994.33,5390.74,2025-09-03
STORE_3,255,STORE_3_V10254,2025-09-03,SALE,7,LBL00233,CHAIN,916,58.049,57.739,0.054,52.889,300588.98,5278.03,2025-09-03
STORE_3,256,STORE_3_V10255,2025-09-03,SALE,44,LBL00022,RING,750,4.389,4.069,0.0,3.052,17231.8,5462.43,2025-09-03
STORE_3,257,STORE_3_V10256,2025-09-04,SALE,55,LBL00012,NECKLACE,916,56.602,56.303,0.0,51.574,325444.8,5789.87,2025-09-04
STORE_3,258,STORE_3_V10257,2025-09-04,SALE,67,LBL00023,EARRING,916,3.093,2.996,0.004,2.744,16988.05,5740.46,2025-09-04
STORE_3,259,STORE_3_V10258,2025-09-04,SALE,98,LBL00189,EARRING,916,10.09,9.89,0.0,9.059,56654.3,5934.82,2025-09-04
STORE_3,260,STORE_3_V10259,2025-09-04,SALE,98,LBL00009,BANGLE,916,12.747,12.73,0.0,11.661,73777.31,5718.98,2025-09-04
STORE_3,261,STORE_3_V10260,2025-09-04,SALE,4,LBL00186,BANGLE,916,18.11,18.051,0.0,16.535,103487.59,5802.7,2025-09-04
STORE_3,262,STORE_3_V10261,2025-09-04,SALE,89,LBL00022,RING,750,4.061,3.939,0.0,2.954,18791.75,5864.42,2025-09-04
STORE_3,263,STORE_3_V10262,2025-09-04,SALE,101,LBL00015,NECKLACE,916,31.139,30.757,0.003,28.173,158578.25,5332.09,2025-09-04
STORE_3,264,STORE_3_V10263,2025-09-05,SALE,15,LBL00173,BRACELET,916,18.82,18.341,0.065,16.8,102255.89,5763.06,2025-09-05
STORE_3,265,STORE_3_V10264,2025-09-05,SALE,70,LBL00022,RING,750,4.597,4.107,0.067,3.08,19129.18,5611.11,2025-09-05
STORE_3,266,STORE_3_V10265,2025-09-05,SALE,117,LBL00134,BANGLE,916,41.076,40.613,0.0,37.202,229740.07,5770.71,2025-09-05
STORE_3,267,STORE_3_V10266,2025-09-05,SALE,6,LBL00202,CHAIN,585,46.112,45.917,0.002,26.861,152091.41,5535.8,2025-09-05
STORE_3,268,STORE_3_V10267,2025-09-05,SALE,7,LBL00154,EARRING,916,12.411,12.399,0.018,11.357,67900.55,5495.2,2025-09-05
STORE_3,269,STORE_3_V10268,2025-09-05,SALE,47,LBL00023,EARRING,916,2.871,2.434,0.011,2.23,13401.12,5514.71,2025-09-05
STORE_3,270,STORE_3_V10269,2025-09-05,SALE,53,LBL00061,EARRING,916,10.936,10.838,0.01,9.928,62411.19,5933.33,2025-09-05
STORE_3,271,STORE_3_V10270,2025-09-05,SALE,47,LBL00013,RING,750,9.472,9.279,0.0,6.959,39152.93,5493.36,2025-09-05
STORE_3,272,STORE_3_V10271,2025-09-05,SALE,6,LBL00183,EARRING,916,3.84,3.461,0.0,3.17,18480.36,5396.88,2025-09-05
STORE_3,273,STORE_3_V10272,2025-09-05,SALE,72,LBL00158,NECKLACE,916,53.628,53.347,0.016,48.866,277256.45,5237.15,2025-09-05
STORE_3,274,STORE_3_V10273,2025-09-05,SALE,110,LBL00163,BANGLE,750,14.31,13.754,0.0,10.316,59794.65,5268.41,2025-09-05
STORE_3,275,STORE_3_V10274,2025-09-05,SALE,16,LBL00238,BANGLE,750,28.422,27.902,0.017,20.927,119862.59,5313.85,2025-09-05
STORE_3,276,STORE_3_V10275,2025-09-06,SALE,1,LBL00190,BRACELET,750,28.756,28.592,0.019,21.444,131313.49,5685.3,2025-09-06
STORE_3,277,STORE_3_V10276,2025-09-06,SALE,64,LBL00122,RING,916,9.503,8.974,0.0,8.22,49525.49,5495.33,2025-09-06
STORE_3,278,STORE_3_V10277,2025-09-06,SALE,83,LBL00136,EARRING,916,6.315,6.267,0.005,5.741,33952.97,5706.19,2025-09-06
STORE_3,279,STORE_3_V10278,2025-09-06,SALE,80,LBL00103,EARRING,585,3.526,3.116,0.0,1.823,11264.86,5686.31,2025-09-06
STORE_3,280,STORE_3_V10279,2025-09-06,SALE,53,LBL00079,CHAIN,750,11.18,10.994,0.0,8.245,49732.29,5525.16,2025-09-06
STORE_3,281,STORE_3_V10280,2025-09-06,SALE,93,LBL00095,CHAIN,585,16.123,15.685,0.043,9.176,54917.13,5299.43,2025-09-06
STORE_3,282,STORE_3_V10281,2025-09-06,SALE,11,LBL00065,BRACELET,585,25.18,24.897,0.0,14.565,88494.96,5433.51,2025-09-06
STORE_3,283,STORE_3_V10282,2025-09-06,SALE,21,LBL00100,CHAIN,916,59.557,59.338,0.015,54.354,325588.63,5844.39,2025-09-06
STORE_3,284,STORE_3_V10283,2025-09-06,SALE,101,LBL00104,EARRING,916,13.711,13.566,0.007,12.426,74606.7,5713.48,2025-09-06
STORE_3,285,STORE_3_V10284,2025-09-06,SALE,111,LBL00246,RING,916,6.407,5.859,0.0,5.367,31360.85,5560.93,2025-09-06
STORE_3,286,STORE_3_V10285,2025-09-06,SALE,36,LBL00203,CHAIN,916,53.49,52.971,0.058,48.521,302529.25,5807.53,2025-09-06
STORE_3,287,STORE_3_V10286,2025-09-06,SALE,3,LBL00236,RING,916,8.28,7.814,0.0,7.158,43067.73,5622.6,2025-09-06
STORE_3,288,STORE_3_V10287,2025-09-07,SALE,36,LBL00213,PENDANT,585,6.233,6.027,0.0,3.526,21056.93,5819.7,2025-09-07
STORE_3,289,STORE_3_V10288,2025-09-07,SALE,44,LBL00177,PENDANT,916,8.647,8.615,0.0,7.891,44609.28,5433.33,2025-09-07
STORE_3,290,STORE_3_V10289,2025-09-07,SALE,27,LBL00056,EARRING,750,12.645,12.063,0.004,9.047,54723.11,5601.24,2025-09-07
STORE_3,291,STORE_3_V10290,2025-09-07,SALE,91,LBL00227,BANGLE,916,28.296,28.214,0.0,25.844,154276.27,5801.25,2025-09-07
STORE_3,292,STORE_3_V10291,2025-09-07,SALE,77,LBL00183,EARRING,916,3.646,3.368,0.036,3.085,19725.04,5787.97,2025-09-07
STORE_3,293,STORE_3_V10292,2025-09-07,SALE,26,LBL00156,NECKLACE,585,49.832,49.68,0.0,29.063,162468.81,5366.56,2025-09-07
STORE_3,294,STORE_3_V10293,2025-09-07,SALE,83,LBL00104,EARRING,916,15.733,15.532,0.0,14.227,80314.78,5515.75,2025-09-07
STORE_3,295,STORE_3_V10294,2025-09-08,SALE,11,LBL00245,RING,916,5.918,5.366,0.076,4.915,31752.4,5580.12,2025-09-08
STORE_3,296,STORE_3_V10295,2025-09-08,SALE,13,LBL00100,CHAIN,916,57.059,56.777,0.086,52.008,329669.66,5781.92,2025-09-08
STORE_3,297,STORE_3_V10296,2025-09-08,SALE,115,LBL00135,PENDANT,916,10.237,10.222,0.0,9.363,54062.0,5244.0,2025-09-08
STORE_3,298,STORE_3_V10297,2025-09-09,SALE,100,LBL00086,RING,916,8.857,8.602,0.013,7.879,49733.97,5652.0,2025-09-09
STORE_3,299,STORE_3_V10298,2025-09-09,SALE,89,LBL00063,NECKLACE,916,9.284,9.051,0.032,8.291,51048.42,5580.61,2025-09-09
STORE_3,300,STORE_3_V10299,2025-09-09,SALE,77,LBL00211,EARRING,916,4.501,4.42,0.046,4.049,26487.05,5855.83,2025-09-09
STORE_3,301,STORE_3_V10300,2025-09-10,SALE,79,LBL00095,CHAIN,585,16.922,16.445,0.0,9.62,54870.85,5279.52,2025-09-10
STORE_3,302,STORE_3_V10301,2025-09-10,SALE,16,LBL00207,BRACELET,916,36.15,35.626,0.029,32.633,191320.82,5610.55,2025-09-10
STORE_3,303,STORE_3_V10302,2025-09-10,SALE,68,LBL00102,BANGLE,916,29.978,29.686,0.0,27.192,166307.94,5765.91,2025-09-10
STORE_3,304,STORE_3_V10303,2025-09-10,SALE,105,LBL00044,EARRING,585,6.599,6.162,0.0,3.605,20690.81,5586.68,2025-09-10
STORE_3,305,STORE_3_V10304,2025-09-10,SALE,36,LBL00116,CHAIN,750,48.585,48.377,0.004,36.283,200897.52,5407.43,2025-09-10
STORE_3,306,STORE_3_V10305,2025-09-10,SALE,110,LBL00191,BANGLE,916,11.631,11.19,0.0,10.25,61896.08,5516.18,2025-09-10
STORE_3,307,STORE_3_V10306,2025-09-10,SALE,47,LBL00213,PENDANT,585,6.201,5.819,0.005,3.404,21399.31,5893.95,2025-09-10
STORE_3,308,STORE_3_V10307,2025-09-10,SALE,102,LBL00248,EARRING,750,6.65,6.201,0.069,4.651,26535.69,5308.31,2025-09-10
STORE_3,309,STORE_3_V10308,2025-09-10,SALE,109,LBL00200,CHAIN,916,21.422,21.401,0.0,19.603,117616.32,5850.5,2025-09-10
STORE_3,310,STORE_3_V10309,2025-09-11,SALE,50,LBL00093,EARRING,750,12.17,11.925,0.009,8.944,53627.6,5847.93,2025-09-11
STORE_3,311,STORE_3_V10310,2025-09-11,SALE,88,LBL00040,BANGLE,916,35.144,34.865,0.019,31.936,191807.28,5377.19,2025-09-11
STORE_3,312,STORE_3_V10311,2025-09-11,SALE,28,LBL00197,CHAIN,916,39.949,39.789,0.007,36.447,226855.39,5809.44,2025-09-11
STORE_3,313,STORE_3_V10312,2025-09-11,SALE,56,LBL00047,CHAIN,585,49.023,48.675,0.031,28.475,174406.81,5571.97,2025-09-11
STORE_3,314,STORE_3_V10313,2025-09-11,SALE,116,LBL00165,BANGLE,916,30.532,30.438,0.0,27.881,170208.65,5819.44,2025-09-11
STORE_3,315,STORE_3_V10314,2025-09-11,SALE,6,LBL00247,PENDANT,916,11.469,11.391,0.018,10.434,58795.23,5228.55,2025-09-11
STORE_3,316,STORE_3_V10315,2025-09-12,SALE,25,LBL00200,CHAIN,916,20.462,20.25,0.0,18.549,113701.53,5701.98,2025-09-12
STORE_3,317,STORE_3_V10316,2025-09-12,SALE,68,LBL00229,BANGLE,916,36.724,36.633,0.0,33.556,206349.99,5686.27,2025-09-12
STORE_3,318,STORE_3_V10317,2025-09-12,SALE,7,LBL00032,PENDANT,585,4.112,4.042,0.009,2.365,14755.75,5721.19,2025-09-12
STORE_3,319,STORE_3_V10318,2025-09-12,SALE,65,LBL00013,RING,750,8.938,8.711,0.058,6.533,36993.0,5271.36,2025-09-12
STORE_3,320,STORE_3_V10319,2025-09-12,SALE,24,LBL00147,NECKLACE,916,11.13,10.568,0.05,9.68,57358.96,5641.77,2025-09-12
STORE_3,321,STORE_3_V10320,2025-09-12,SALE,77,LBL00194,RING,916,3.422,2.995,0.094,2.743,17817.05,5525.83,2025-09-12
STORE_3,322,STORE_3_V10321,2025-09-12,SALE,49,LBL00207,BRACELET,916,31.517,30.994,0.017,28.391,177108.57,5683.85,2025-09-12
STORE_3,323,STORE_3_V10322,2025-09-12,SALE,94,LBL00191,BANGLE,916,11.161,10.752,0.004,9.849,57101.71,5598.38,2025-09-12
STORE_3,324,STORE_3_V10323,2025-09-12,SALE,47,LBL00201,NECKLACE,916,41.558,41.206,0.025,37.745,212752.66,5461.2,2025-09-12
STORE_3,325,STORE_3_V10324,2025-09-12,SALE,99,LBL00006,NECKLACE,750,5.79,5.485,0.011,4.114,26509.22,5791.49,2025-09-12
STORE_3,326,STORE_3_V10325,2025-09-13,SALE,25,LBL00228,BRACELET,750,17.445,17.371,0.0,13.028,77499.54,5326.02,2025-09-13
STORE_3,327,STORE_3_V10326,2025-09-13,SALE,73,LBL00104,EARRING,916,15.24,14.9,0.0,13.648,87437.14,5725.27,2025-09-13
STORE_3,328,STORE_3_V10327,2025-09-13,SALE,20,LBL00122,RING,916,8.776,8.531,0.0,7.814,47873.46,5523.66,2025-09-13
STORE_3,329,STORE_3_V10328,2025-09-13,SALE,57,LBL00165,BANGLE,916,31.273,31.16,0.0,28.543,183948.19,5899.27,2025-09-13
STORE_3,330,STORE_3_V10329,2025-09-14,SALE,29,LBL00156,NECKLACE,585,46.271,46.069,0.091,26.95,171552.55,5689.89,2025-09-14
STORE_3,331,STORE_3_V10330,2025-09-14,SALE,18,LBL00134,BANGLE,916,46.423,46.025,0.076,42.159,275609.69,5822.72,2025-09-14
STORE_3,332,STORE_3_V10331,2025-09-14,SALE,1,LBL00212,BANGLE,916,28.122,27.583,0.044,25.266,139396.82,5309.23,2025-09-14
STORE_3,333,STORE_3_V10332,2025-09-14,SALE,73,LBL00178,BRACELET,916,38.306,37.936,0.001,34.749,221403.37,5800.28,2025-09-14
STORE_3,334,STORE_3_V10333,2025-09-14,SALE,76,LBL00104,EARRING,916,11.79,11.33,0.068,10.378,61143.71,5535.41,2025-09-14
STORE_3,335,STORE_3_V10334,2025-09-14,SALE,71,LBL00201,NECKLACE,916,42.537,42.301,0.017,38.748,244884.41,5675.7,2025-09-14
STORE_3,336,STORE_3_V10335,2025-09-14,SALE,2,LBL00056,EARRING,750,13.353,13.012,0.005,9.759,63007.48,5818.89,2025-09-14
STORE_3,337,STORE_3_V10336,2025-09-14,SALE,25,LBL00197,CHAIN,916,40.883,40.397,0.011,37.004,240293.71,5926.04,2025-09-14
STORE_3,338,STORE_3_V10337,2025-09-14,SALE,108,LBL00065,BRACELET,585,24.835,24.712,0.008,14.457,83268.21,5331.5,2025-09-14
STORE_3,339,STORE_3_V10338,2025-09-14,SALE,40,LBL00198,BANGLE,916,4.55,4.039,0.013,3.7,20080.85,5254.0,2025-09-14
STORE_3,340,STORE_3_V10339,2025-09-14,SALE,22,LBL00246,RING,916,6.668,6.376,0.0,5.84,35679.56,5702.42,2025-09-14
STORE_3,341,STORE_3_V10340,2025-09-15,SALE,114,LBL00233,CHAIN,916,62.177,61.937,0.0,56.734,355914.22,5925.45,2025-09-15
STORE_3,342,STORE_3_V10341,2025-09-15,SALE,10,LBL00052,PENDANT,916,7.221,7.163,0.0,6.561,40044.85,5464.41,2025-09-15
STORE_3,343,STORE_3_V10342,2025-09-15,SALE,4,LBL00219,BANGLE,585,24.612,24.574,0.0,14.376,82110.75,5265.03,2025-09-15
STORE_3,344,STORE_3_V10343,2025-09-15,SALE,38,LBL00021,RING,585,5.836,5.454,0.0,3.191,18543.14,5454.8,2025-09-15
STORE_3,345,STORE_3_V10344,2025-09-15,SALE,23,LBL00199,BRACELET,750,24.371,23.852,0.02,17.889,107712.41,5641.46,2025-09-15
STORE_3,346,STORE_3_V10345,2025-09-15,SALE,81,LBL00106,EARRING,916,10.582,10.487,0.004,9.606,53303.04,5425.06,2025-09-15
STORE_3,347,STORE_3_V10346,2025-09-15,SALE,57,LBL00127,BRACELET,916,9.446,9.175,0.008,8.404,49439.18,5266.6,2025-09-15
STORE_3,348,STORE_3_V10347,2025-09-15,SALE,18,LBL00227,BANGLE,916,26.723,26.285,0.034,24.077,143987.37,5651.36,2025-09-15
STORE_3,349,STORE_3_V10348,2025-09-15,SALE,103,LBL00143,EARRING,916,7.587,7.523,0.036,6.891,45114.99,5815.59,2025-09-15
STORE_3,350,STORE_3_V10349,2025-09-16,SALE,73,LBL00042,RING,585,7.243,6.82,0.007,3.99,23685.28,5781.08,2025-09-16
STORE_3,351,STORE_3_V10350,2025-09-16,SALE,68,LBL00240,CHAIN,750,15.315,14.907,0.001,11.18,62406.5,5364.62,2025-09-16
STORE_3,352,STORE_3_V10351,2025-09-17,SALE,120,LBL00023,EARRING,916,3.254,3.166,0.007,2.9,17874.89,5890.39,2025-09-17
STORE_3,353,STORE_3_V10352,2025-09-17,SALE,52,LBL00235,EARRING,916,2.969,2.895,0.093,2.652,16728.73,5556.94,2025-09-17
STORE_3,354,STORE_3_V10353,2025-09-17,SALE,117,LBL00231,EARRING,750,12.893,12.786,0.0,9.589,54192.75,5341.82,2025-09-17
STORE_3,355,STORE_3_V10354,2025-09-17,SALE,97,LBL00057,PENDANT,585,10.429,10.17,0.098,5.949,36070.92,5452.2,2025-09-17
STORE_3,356,STORE_3_V10355,2025-09-17,SALE,74,LBL00140,PENDANT,750,4.723,4.137,0.006,3.103,17245.47,5381.05,2025-09-17
STORE_3,357,STORE_3_V10356,2025-09-17,SALE,70,LBL00171,EARRING,750,2.383,2.198,0.012,1.648,9995.25,5744.08,2025-09-17
STORE_3,358,STORE_3_V10357,2025-09-18,SALE,19,LBL00013,RING,750,10.571,10.051,0.01,7.538,46095.05,5920.75,2025-09-18
STORE_3,359,STORE_3_V10358,2025-09-18,SALE,37,LBL00071,EARRING,916,9.513,8.916,0.0,8.167,51470.12,5712.66,2025-09-18
STORE_3,360,STORE_3_V10359,2025-09-18,SALE,61,LBL00102,BANGLE,916,30.231,29.906,0.0,27.394,168675.73,5754.76,2025-09-18
STORE_3,361,STORE_3_V10360,2025-09-18,SALE,22,LBL00132,EARRING,750,11.253,10.703,0.0,8.027,44120.76,5340.46,2025-09-18
STORE_3,362,STORE_3_V10361,2025-09-18,SALE,115,LBL00126,BANGLE,750,27.462,26.968,0.083,20.226,112621.34,5298.17,2025-09-18
STORE_3,363,STORE_3_V10362,2025-09-18,SALE,120,LBL00133,EARRING,916,7.515,6.931,0.0,6.349,38292.64,5468.2,2025-09-18
STORE_3,364,STORE_3_V10363,2025-09-18,SALE,94,LBL00201,NECKLACE,916,40.528,40.113,0.012,36.744,224212.63,5529.6,2025-09-18
STORE_3,365,STORE_3_V10364,2025-09-18,SALE,106,LBL00224,NECKLACE,750,74.977,74.649,0.0,55.987,326039.19,5351.71,2025-09-18
STORE_3,366,STORE_3_V10365,2025-09-19,SALE,4,LBL00105,PENDANT,585,9.971,9.761,0.075,5.71,35630.54,5911.23,2025-09-19
STORE_3,367,STORE_3_V10366,2025-09-19,SALE,90,LBL00202,CHAIN,585,47.503,47.146,0.02,27.58,167867.82,5887.88,2025-09-19
STORE_3,368,STORE_3_V10367,2025-09-19,SALE,90,LBL00123,CHAIN,916,55.579,55.533,0.012,50.868,308186.34,5514.64,2025-09-19
STORE_3,369,STORE_3_V10368,2025-09-19,SALE,111,LBL00038,CHAIN,916,33.625,33.147,0.015,30.363,172769.04,5493.92,2025-09-19
STORE_3,370,STORE_3_V10369,2025-09-19,SALE,108,LBL00169,RING,916,7.055,6.944,0.0,6.361,35974.97,5459.44,2025-09-19
STORE_3,371,STORE_3_V10370,2025-09-19,SALE,87,LBL00101,NECKLACE,916,51.302,50.777,0.0,46.512,284384.92,5464.56,2025-09-19
STORE_3,372,STORE_3_V10371,2025-09-19,SALE,14,LBL00240,CHAIN,750,16.793,16.378,0.028,12.284,76141.89,5748.73,2025-09-19
STORE_3,373,STORE_3_V10372,2025-09-19,SALE,120,LBL00198,BANGLE,916,5.272,5.159,0.014,4.726,29932.94,5631.02,2025-09-19
STORE_3,374,STORE_3_V10373,2025-09-20,SALE,76,LBL00143,EARRING,916,7.866,7.541,0.005,6.908,42154.73,5670.76,2025-09-20
STORE_3,375,STORE_3_V10374,2025-09-20,SALE,70,LBL00201,NECKLACE,916,38.244,37.722,0.0,34.553,224590.74,5881.79,2025-09-20
STORE_3,376,STORE_3_V10375,2025-09-21,SALE,78,LBL00244,BANGLE,916,20.418,20.0,0.0,18.32,114907.27,5612.73,2025-09-21
STORE_3,377,STORE_3_V10376,2025-09-21,SALE,92,LBL00154,EARRING,916,10.404,9.986,0.097,9.147,56080.51,5688.59,2025-09-21
STORE_3,378,STORE_3_V10377,2025-09-22,SALE,95,LBL00217,PENDANT,750,3.326,2.956,0.063,2.217,14164.62,5687.8,2025-09-22
STORE_3,379,STORE_3_V10378,2025-09-22,SALE,81,LBL00116,CHAIN,750,46.503,46.171,0.048,34.628,204954.55,5762.09,2025-09-22
STORE_3,380,STORE_3_V10379,2025-09-22,SALE,57,LBL00168,PENDANT,585,7.816,7.752,0.0,4.535,27107.91,5613.94,2025-09-22
STORE_3,381,STORE_3_V10380,2025-09-22,SALE,26,LBL00123,CHAIN,916,65.614,65.286,0.0,59.802,354875.68,5665.14,2025-09-22
STORE_3,382,STORE_3_V10381,2025-09-22,SALE,10,LBL00200,CHAIN,916,21.073,20.495,0.0,18.773,114074.34,5699.54,2025-09-22
STORE_3,383,STORE_3_V10382,2025-09-22,SALE,69,LBL00157,BRACELET,750,16.318,16.017,0.015,12.013,75947.57,5670.9,2025-09-22
STORE_3,384,STORE_3_V10383,2025-09-22,SALE,64,LBL00130,EARRING,916,5.308,4.874,0.0,4.465,25443.27,5317.58,2025-09-22
STORE_3,385,STORE_3_V10384,2025-09-22,SALE,64,LBL00051,PENDANT,916,5.778,5.181,0.0,4.746,28948.88,5605.48,2025-09-22
STORE_3,386,STORE_3_V10385,2025-09-23,SALE,83,LBL00103,EARRING,585,3.749,3.629,0.0,2.123,13464.1,5722.28,2025-09-23
STORE_3,387,STORE_3_V10386,2025-09-23,SALE,115,LBL00170,BANGLE,916,27.529,27.007,0.019,24.738,152916.79,5667.97,2025-09-23
STORE_3,388,STORE_3_V10387,2025-09-24,SALE,87,LBL00008,BANGLE,916,6.541,6.457,0.018,5.915,34915.37,5350.77,2025-09-24
STORE_3,389,STORE_3_V10388,2025-09-24,SALE,48,LBL00219,BANGLE,585,24.87,24.702,0.0,14.451,85883.49,5506.12,2025-09-24
STORE_3,390,STORE_3_V10389,2025-09-25,SALE,46,LBL00036,CHAIN,916,32.084,31.586,0.029,28.933,178523.09,5681.39,2025-09-25
STORE_3,391,STORE_3_V10390,2025-09-25,SALE,88,LBL00035,BANGLE,916,48.976,48.652,0.085,44.565,285867.94,5789.52,2025-09-25
STORE_3,392,STORE_3_V10391,2025-09-25,SALE,111,LBL00057,PENDANT,585,10.658,10.093,0.096,5.904,40130.28,5885.5,2025-09-25
STORE_3,393,STORE_3_V10392,2025-09-25,SALE,52,LBL00088,BANGLE,585,3.77,3.663,0.0,2.143,13087.86,5879.94,2025-09-25
STORE_3,394,STORE_3_V10393,2025-09-25,SALE,44,LBL00195,CHAIN,750,53.798,53.362,0.009,40.022,250203.9,5900.69,2025-09-25
STORE_3,395,STORE_3_V10394,2025-09-25,SALE,74,LBL00248,EARRING,750,7.044,6.933,0.022,5.2,31699.06,5721.64,2025-09-25
STORE_3,396,STORE_3_V10395,2025-09-26,SALE,29,LBL00027,PENDANT,916,8.61,8.092,0.011,7.412,45077.53,5733.09,2025-09-26
STORE_3,397,STORE_3_V10396,2025-09-26,SALE,83,LBL00007,PENDANT,916,4.019,3.72,0.019,3.408,21932.18,5903.95,2025-09-26
STORE_3,398,STORE_3_V10397,2025-09-26,SALE,79,LBL00005,PENDANT,750,5.59,5.391,0.039,4.043,23553.88,5430.42,2025-09-26
STORE_3,399,STORE_3_V10398,2025-09-26,SALE,25,LBL00002,RING,750,7.732,7.541,0.012,5.656,34763.68,5707.93,2025-09-26
STORE_3,400,STORE_3_V10399,2025-09-26,SALE,10,LBL00148,CHAIN,750,57.109,56.552,0.0,42.414,248526.12,5653.29,2025-09-26
STORE_3,401,STORE_3_V10400,2025-09-26,SALE,67,LBL00051,PENDANT,916,5.706,5.205,0.012,4.768,26624.27,5417.43,2025-09-26
STORE_3,402,STORE_3_V10401,2025-09-26,SALE,47,LBL00215,BANGLE,916,13.848,13.714,0.002,12.562,70403.55,5434.96,2025-09-26
STORE_3,403,STORE_3_V10402,2025-09-26,SALE,42,LBL00212,BANGLE,916,26.081,25.952,0.0,23.772,144597.65,5486.77,2025-09-26
STORE_3,404,STORE_3_V10403,2025-09-27,SALE,94,LBL00122,RING,916,10.014,9.505,0.01,8.707,53883.85,5796.14,2025-09-27
STORE_3,405,STORE_3_V10404,2025-09-27,SALE,6,LBL00082,CHAIN,916,28.527,28.508,0.027,26.113,166310.64,5830.32,2025-09-27
STORE_3,406,STORE_3_V10405,2025-09-27,SALE,103,LBL00165,BANGLE,916,30.744,30.67,0.0,28.094,164004.74,5478.01,2025-09-27
STORE_3,407,STORE_3_V10406,2025-09-27,SALE,68,LBL00158,NECKLACE,916,53.336,52.767,0.0,48.335,291259.5,5599.46,2025-09-27
STORE_3,408,STORE_3_V10407,2025-09-27,SALE,94,LBL00155,PENDANT,750,3.13,2.627,0.0,1.97,11271.62,5483.11,2025-09-27
STORE_3,409,STORE_3_V10408,2025-09-27,SALE,68,LBL00132,EARRING,750,10.714,10.375,0.008,7.781,50905.5,5861.48,2025-09-27
STORE_3,410,STORE_3_V10409,2025-09-27,SALE,104,LBL00143,EARRING,916,7.975,7.426,0.021,6.802,44778.82,5908.22,2025-09-27
STORE_3,411,STORE_3_V10410,2025-09-27,SALE,65,LBL00150,CHAIN,916,15.956,15.701,0.027,14.382,86715.88,5424.87,2025-09-27
STORE_3,412,STORE_3_V10411,2025-09-27,SALE,64,LBL00036,CHAIN,916,31.778,31.351,0.034,28.718,180139.13,5754.67,2025-09-27
STORE_3,413,STORE_3_V10412,2025-09-28,SALE,44,LBL00162,BANGLE,585,39.3,38.858,0.048,22.732,139256.52,5794.57,2025-09-28
STORE_3,414,STORE_3_V10413,2025-09-28,SALE,108,LBL00183,EARRING,916,3.746,3.374,0.0,3.091,18193.62,5442.75,2025-09-28
STORE_3,415,STORE_3_V10414,2025-09-28,SALE,11,LBL00031,NECKLACE,916,36.117,35.628,0.049,32.635,191225.07,5243.16,2025-09-28
STORE_3,416,STORE_3_V10415,2025-09-28,SALE,113,LBL00002,RING,750,7.321,7.288,0.0,5.466,31305.05,5491.34,2025-09-28
STORE_3,417,STORE_3_V10416,2025-09-28,SALE,113,LBL00166,CHAIN,916,22.07,21.923,0.0,20.081,130248.89,5852.32,2025-09-28
STORE_3,418,STORE_3_V10417,2025-09-28,SALE,15,LBL00212,BANGLE,916,27.489,27.007,0.001,24.738,136353.74,5228.98,2025-09-28
STORE_3,419,STORE_3_V10418,2025-09-28,SALE,67,LBL00009,BANGLE,916,14.233,14.103,0.028,12.918,71676.92,5355.24,2025-09-28
STORE_3,420,STORE_3_V10419,2025-09-28,SALE,37,LBL00078,PENDANT,916,9.251,8.739,0.062,8.005,48575.12,5500.87,2025-09-28
STORE_3,421,STORE_3_V10420,2025-09-28,SALE,63,LBL00184,BANGLE,916,44.191,44.096,0.0,40.392,260443.71,5867.69,2025-09-28
STORE_3,422,STORE_3_V10421,2025-09-28,SALE,38,LBL00185,CHAIN,916,40.918,40.529,0.0,37.125,218071.44,5317.76,2025-09-28
STORE_3,423,STORE_3_V10422,2025-09-28,SALE,91,LBL00190,BRACELET,750,24.604,24.495,0.006,18.371,111477.21,5904.04,2025-09-28
STORE_3,424,STORE_3_V10423,2025-09-29,SALE,105,LBL00207,BRACELET,916,34.699,34.587,0.081,31.682,174755.93,5300.69,2025-09-29
STORE_3,425,STORE_3_V10424,2025-09-29,SALE,9,LBL00215,BANGLE,916,14.47,14.385,0.014,13.177,78574.76,5826.43,2025-09-29
STORE_3,426,STORE_3_V10425,2025-09-29,SALE,80,LBL00079,CHAIN,750,12.615,12.55,0.037,9.413,59665.48,5858.12,2025-09-29
STORE_3,427,STORE_3_V10426,2025-09-29,SALE,34,LBL00107,NECKLACE,750,14.878,14.579,0.0,10.934,62113.47,5556.18,2025-09-29
STORE_3,428,STORE_3_V10427,2025-09-29,SALE,99,LBL00043,PENDANT,916,12.435,12.147,0.071,11.127,66886.42,5700.59,2025-09-29
STORE_3,429,STORE_3_V10428,2025-09-29,SALE,116,LBL00047,CHAIN,585,47.737,47.52,0.016,27.799,169350.18,5758.98,2025-09-29
STORE_3,430,STORE_3_V10429,2025-09-30,SALE,18,LBL00124,RING,750,7.447,7.213,0.094,5.41,33353.14,5457.69,2025-09-30
STORE_3,431,STORE_3_V10430,2025-09-30,SALE,105,LBL00131,NECKLACE,585,11.216,10.748,0.019,6.288,37676.28,5695.24,2025-09-30
STORE_3,432,STORE_3_V10431,2025-09-30,SALE,51,LBL00027,PENDANT,916,8.203,8.162,0.0,7.476,47931.88,5911.65,2025-09-30
STORE_3,433,STORE_3_V10432,2025-09-30,SALE,9,LBL00045,CHAIN,916,36.848,36.568,0.0,33.496,211867.19,5787.86,2025-09-30
STORE_3,434,STORE_3_V10433,2025-09-30,SALE,73,LBL00238,BANGLE,750,24.671,24.274,0.0,18.206,112817.29,5887.15,2025-09-30
STORE_3,435,STORE_3_V10434,2025-09-30,SALE,20,LBL00045,CHAIN,916,37.43,37.08,0.091,33.965,195209.59,5378.08,2025-09-30
STORE_3,436,STORE_3_V10435,2025-09-30,SALE,13,LBL00044,EARRING,585,6.972,6.53,0.013,3.82,23564.41,5643.4,2025-09-30
STORE_3,437,STORE_3_V10436,2025-10-01,SALE,71,LBL00142,EARRING,916,9.509,9.414,0.0,8.623,52803.65,5485.04,2025-10-01
STORE_3,438,STORE_3_V10437,2025-10-01,SALE,74,LBL00203,CHAIN,916,52.547,52.032,0.02,47.661,281888.69,5622.5,2025-10-01
STORE_3,439,STORE_3_V10438,2025-10-01,SALE,16,LBL00107,NECKLACE,750,15.305,15.006,0.037,11.255,69224.88,5855.99,2025-10-01
STORE_3,440,STORE_3_V10439,2025-10-01,SALE,51,LBL00207,BRACELET,916,32.055,31.874,0.0,29.197,165175.38,5411.64,2025-10-01
STORE_3,441,STORE_3_V10440,2025-10-01,SALE,100,LBL00208,EARRING,916,6.334,6.03,0.0,5.523,33760.53,5544.48,2025-10-01
STORE_3,442,STORE_3_V10441,2025-10-01,SALE,75,LBL00221,PENDANT,916,9.806,9.537,0.0,8.736,50147.15,5539.7,2025-10-01
STORE_3,443,STORE_3_V10442,2025-10-02,SALE,86,LBL00064,CHAIN,750,5.617,5.075,0.038,3.806,24989.28,5876.12,2025-10-02
STORE_3,444,STORE_3_V10443,2025-10-02,SALE,63,LBL00055,RING,916,2.89,2.462,0.003,2.255,14886.83,5905.13,2025-10-02
STORE_3,445,STORE_3_V10444,2025-10-02,SALE,32,LBL00133,EARRING,916,8.196,8.109,0.0,7.428,44087.3,5763.22,2025-10-02
STORE_3,446,STORE_3_V10445,2025-10-02,SALE,47,LBL00204,BRACELET,916,4.703,4.459,0.0,4.084,24211.48,5348.89,2025-10-02
STORE_3,447,STORE_3_V10446,2025-10-02,SALE,98,LBL00068,BRACELET,916,24.567,24.23,0.081,22.195,136514.05,5715.5,2025-10-02
STORE_3,448,STORE_3_V10447,2025-10-02,SALE,65,LBL00129,BANGLE,750,25.504,24.984,0.017,18.738,110450.62,5375.57,2025-10-02
STORE_3,449,STORE_3_V10448,2025-10-02,SALE,113,LBL00181,NECKLACE,750,14.907,14.677,0.036,11.008,64284.97,5394.31,2025-10-02
STORE_3,450,STORE_3_V10449,2025-10-02,SALE,8,LBL00237,BRACELET,750,29.231,28.75,0.0,21.562,122821.33,5423.86,2025-10-02
STORE_3,451,STORE_3_V10450,2025-10-03,SALE,11,LBL00166,CHAIN,916,23.397,22.906,0.032,20.982,123388.24,5554.05,2025-10-03
STORE_3,452,STORE_3_V10451,2025-10-03,SALE,21,LBL00224,NECKLACE,750,67.59,67.017,0.09,50.263,301700.96,5845.33,2025-10-03
STORE_3,453,STORE_3_V10452,2025-10-03,SALE,83,LBL00039,PENDANT,916,1.364,1.013,0.075,0.928,6569.09,5699.77,2025-10-03
STORE_3,454,STORE_3_V10453,2025-10-03,SALE,62,LBL00051,PENDANT,916,5.35,5.176,0.019,4.741,28195.6,5662.64,2025-10-03
STORE_3,455,STORE_3_V10454,2025-10-03,SALE,74,LBL00002,RING,750,7.136,6.881,0.004,5.161,31625.12,5716.04,2025-10-03
STORE_3,456,STORE_3_V10455,2025-10-03,SALE,15,LBL00156,NECKLACE,585,47.138,47.042,0.0,27.52,163182.6,5748.21,2025-10-03
STORE_3,457,STORE_3_V10456,2025-10-03,SALE,16,LBL00041,RING,916,8.319,7.798,0.021,7.143,42879.33,5763.15,2025-10-03
STORE_3,458,STORE_3_V10457,2025-10-03,SALE,78,LBL00030,PENDANT,585,9.374,8.909,0.0,5.212,29531.11,5498.55,2025-10-03
STORE_3,459,STORE_3_V10458,2025-10-03,SALE,24,LBL00234,CHAIN,585,28.015,27.98,0.072,16.368,100204.17,5544.24,2025-10-03
STORE_3,460,STORE_3_V10459,2025-10-04,SALE,57,LBL00195,CHAIN,750,55.773,55.213,0.0,41.41,248352.81,5758.94,2025-10-04
STORE_3,461,STORE_3_V10460,2025-10-04,SALE,74,LBL00076,PENDANT,916,11.28,11.156,0.017,10.219,62497.47,5608.35,2025-10-04
STORE_3,462,STORE_3_V10461,2025-10-04,SALE,84,LBL00117,RING,750,2.126,1.599,0.016,1.199,7206.34,5299.1,2025-10-04
STORE_3,463,STORE_3_V10462,2025-10-04,SALE,23,LBL00073,BRACELET,585,6.269,6.2,0.0,3.627,21612.46,5624.25,2025-10-04
STORE_3,464,STORE_3_V10463,2025-10-04,SALE,18,LBL00135,PENDANT,916,11.22,10.666,0.0,9.77,55114.64,5458.55,2025-10-04
STORE_3,465,STORE_3_V10464,2025-10-04,SALE,37,LBL00153,CHAIN,916,59.422,59.19,0.0,54.218,333793.65,5647.85,2025-10-04
STORE_3,466,STORE_3_V10465,2025-10-04,SALE,45,LBL00094,NECKLACE,916,51.216,50.78,0.0,46.514,272896.03,5751.23,2025-10-04
STORE_3,467,STORE_3_V10466,2025-10-04,SALE,28,LBL00239,PENDANT,750,8.763,8.331,0.06,6.248,37090.15,5316.67,2025-10-04
STORE_3,468,STORE_3_V10467,2025-10-04,SALE,106,LBL00128,EARRING,916,4.198,4.178,0.0,3.827,21963.7,5549.42,2025-10-04
STORE_3,469,STORE_3_V10468,2025-10-04,SALE,55,LBL00049,PENDANT,585,6.874,6.312,0.033,3.693,21786.44,5487.18,2025-10-04
STORE_3,470,STORE_3_V10469,2025-10-04,SALE,17,LBL00237,BRACELET,750,27.257,27.122,0.0,20.341,117493.15,5278.59,2025-10-04
STORE_3,471,STORE_3_V10470,2025-10-05,SALE,19,LBL00007,PENDANT,916,3.506,2.912,0.0,2.667,15154.39,5483.7,2025-10-05
STORE_3,472,STORE_3_V10471,2025-10-05,SALE,72,LBL00060,CHAIN,585,17.115,16.813,0.0,9.836,59334.69,5667.89,2025-10-05
STORE_3,473,STORE_3_V10472,2025-10-05,SALE,11,LBL00185,CHAIN,916,39.59,39.326,0.002,36.023,200464.65,5388.16,2025-10-05
STORE_3,474,STORE_3_V10473,2025-10-05,SALE,68,LBL00073,BRACELET,585,6.72,6.326,0.0,3.701,22159.7,5411.66,2025-10-05
STORE_3,475,STORE_3_V10474,2025-10-06,SALE,90,LBL00057,PENDANT,585,10.189,9.76,0.001,5.71,30741.36,5266.93,2025-10-06
STORE_3,476,STORE_3_V10475,2025-10-06,SALE,117,LBL00093,EARRING,750,12.556,12.012,0.028,9.009,55830.73,5774.41,2025-10-06
STORE_3,477,STORE_3_V10476,2025-10-07,SALE,101,LBL00229,BANGLE,916,35.856,35.664,0.0,32.668,202522.84,5646.94,2025-10-07
STORE_3,478,STORE_3_V10477,2025-10-07,SALE,48,LBL00090,BANGLE,916,30.749,30.571,0.0,28.003,167110.95,5404.67,2025-10-07
STORE_3,479,STORE_3_V10478,2025-10-07,SALE,108,LBL00036,CHAIN,916,30.348,29.86,0.022,27.352,156358.8,5304.05,2025-10-07
STORE_3,480,STORE_3_V10479,2025-10-07,SALE,16,LBL00197,CHAIN,916,43.923,43.443,0.012,39.794,235511.84,5373.16,2025-10-07
STORE_3,481,STORE_3_V10480,2025-10-07,SALE,102,LBL00189,EARRING,916,10.072,9.819,0.0,8.994,54331.77,5510.03,2025-10-07
STORE_3,482,STORE_3_V10481,2025-10-07,SALE,63,LBL00024,BRACELET,916,23.092,22.986,0.004,21.055,113548.04,5234.39,2025-10-07
STORE_3,483,STORE_3_V10482,2025-10-07,SALE,86,LBL00187,CHAIN,916,28.052,27.826,0.0,25.489,146036.32,5246.79,2025-10-07
STORE_3,484,STORE_3_V10483,2025-10-07,SALE,44,LBL00250,CHAIN,916,23.802,23.376,0.004,21.412,127002.91,5588.48,2025-10-07
STORE_3,485,STORE_3_V10484,2025-10-07,SALE,32,LBL00027,PENDANT,916,7.811,7.769,0.0,7.116,46375.89,5917.67,2025-10-07
STORE_3,486,STORE_3_V10485,2025-10-08,SALE,68,LBL00093,EARRING,750,13.769,13.196,0.015,9.897,59756.77,5797.73,2025-10-08
STORE_3,487,STORE_3_V10486,2025-10-08,SALE,26,LBL00181,NECKLACE,750,15.806,15.781,0.044,11.836,72320.58,5474.49,2025-10-08
STORE_3,488,STORE_3_V10487,2025-10-08,SALE,46,LBL00174,NECKLACE,916,36.402,36.128,0.03,33.093,192571.28,5579.76,2025-10-08
STORE_3,489,STORE_3_V10488,2025-10-08,SALE,1,LBL00144,EARRING,916,7.063,6.856,0.0,6.28,36900.79,5336.96,2025-10-08
STORE_3,490,STORE_3_V10489,2025-10-08,SALE,57,LBL00241,NECKLACE,585,64.732,64.178,0.044,37.544,215806.81,5537.32,2025-10-08
STORE_3,491,STORE_3_V10490,2025-10-08,SALE,75,LBL00091,RING,585,9.94,9.892,0.0,5.787,35367.71,5725.13,2025-10-08
STORE_3,492,STORE_3_V10491,2025-10-08,SALE,8,LBL00009,BANGLE,916,15.183,14.595,0.021,13.369,79375.51,5296.62,2025-10-08
STORE_3,493,STORE_3_V10492,2025-10-09,SALE,9,LBL00194,RING,916,3.471,2.992,0.0,2.741,16292.8,5572.24,2025-10-09
STORE_3,494,STORE_3_V10493,2025-10-09,SALE,33,LBL00234,CHAIN,585,28.756,28.724,0.012,16.804,105283.64,5613.87,2025-10-09
STORE_3,495,STORE_3_V10494,2025-10-10,SALE,92,LBL00211,EARRING,916,4.31,3.968,0.011,3.635,21695.78,5450.26,2025-10-10
STORE_3,496,STORE_3_V10495,2025-10-10,SALE,9,LBL00182,EARRING,916,1.455,1.258,0.0,1.152,6979.85,5661.55,2025-10-10
STORE_3,497,STORE_3_V10496,2025-10-10,SALE,76,LBL00207,BRACELET,916,35.651,35.465,0.082,32.486,203937.46,5889.42,2025-10-10
STORE_3,498,STORE_3_V10497,2025-10-11,SALE,82,LBL00127,BRACELET,916,9.596,9.454,0.0,8.66,53232.45,5647.08,2025-10-11
STORE_3,499,STORE_3_V10498,2025-10-11,SALE,54,LBL00209,BANGLE,916,21.702,21.466,0.075,19.663,116842.25,5297.97,2025-10-11
STORE_3,500,STORE_3_V10499,2025-10-11,SALE,13,LBL00245,RING,916,5.455,5.357,0.014,4.907,27776.25,5260.11,2025-10-11
STORE_3,501,STORE_3_V10500,2025-10-11,SALE,32,LBL00069,EARRING,750,9.278,9.13,0.0,6.848,39478.25,5537.38,2025-10-11
STORE_3,502,STORE_3_V10501,2025-10-11,SALE,66,LBL00177,PENDANT,916,9.193,8.788,0.029,8.05,47191.35,5631.45,2025-10-11
STORE_3,503,STORE_3_V10502,2025-10-11,SALE,58,LBL00157,BRACELET,750,16.437,15.951,0.0,11.963,72866.55,5876.42,2025-10-11
STORE_3,504,STORE_3_V10503,2025-10-11,SALE,109,LBL00111,NECKLACE,916,72.085,71.492,0.0,65.487,390099.06,5559.1,2025-10-11
STORE_3,505,STORE_3_V10504,2025-10-11,SALE,116,LBL00210,PENDANT,585,9.695,9.366,0.0,5.479,33384.59,5518.68,2025-10-11
STORE_3,506,STORE_3_V10505,2025-10-11,SALE,86,LBL00170,BANGLE,916,25.694,25.295,0.002,23.17,152026.66,5890.59,2025-10-11
STORE_3,507,STORE_3_V10506,2025-10-11,SALE,103,LBL00242,CHAIN,750,40.484,40.425,0.014,30.319,188384.19,5761.91,2025-10-11
STORE_3,508,STORE_3_V10507,2025-10-11,SALE,65,LBL00153,CHAIN,916,55.868,55.336,0.045,50.688,279260.68,5329.82,2025-10-11
STORE_3,509,STORE_3_V10508,2025-10-12,SALE,3,LBL00247,PENDANT,916,10.9,10.459,0.05,9.58,57479.42,5645.17,2025-10-12
STORE_3,510,STORE_3_V10509,2025-10-12,SALE,66,LBL00170,BANGLE,916,25.188,25.16,0.0,23.047,150563.19,5888.57,2025-10-12
STORE_3,511,STORE_3_V10510,2025-10-12,SALE,69,LBL00078,PENDANT,916,10.387,10.295,0.0,9.43,58276.08,5854.33,2025-10-12
STORE_3,512,STORE_3_V10511,2025-10-12,SALE,95,LBL00132,EARRING,750,10.863,10.306,0.098,7.729,49854.0,5920.35,2025-10-12
STORE_3,513,STORE_3_V10512,2025-10-12,SALE,2,LBL00239,PENDANT,750,9.741,9.413,0.0,7.06,39141.23,5410.54,2025-10-12
STORE_3,514,STORE_3_V10513,2025-10-12,SALE,41,LBL00122,RING,916,9.361,9.072,0.0,8.31,46218.46,5353.58,2025-10-12
STORE_3,515,STORE_3_V10514,2025-10-12,SALE,11,LBL00145,EARRING,916,12.946,12.759,0.005,11.687,68442.27,5688.29,2025-10-12
STORE_3,516,STORE_3_V10515,2025-10-12,SALE,66,LBL00041,RING,916,9.753,9.217,0.027,8.443,49444.48,5343.22,2025-10-12
STORE_3,517,STORE_3_V10516,2025-10-12,SALE,116,LBL00144,EARRING,916,8.095,7.787,0.036,7.133,44299.24,5505.35,2025-10-12
STORE_3,518,STORE_3_V10517,2025-10-12,SALE,120,LBL00172,PENDANT,916,7.567,7.057,0.0,6.464,38062.77,5646.02,2025-10-12
STORE_3,519,STORE_3_V10518,2025-10-13,SALE,116,LBL00067,PENDANT,585,5.481,5.005,0.042,2.928,17062.63,5478.55,2025-10-13
STORE_3,520,STORE_3_V10519,2025-10-13,SALE,71,LBL00231,EARRING,750,12.023,11.634,0.0,8.726,54821.92,5707.05,2025-10-13
STORE_3,521,STORE_3_V10520,2025-10-13,SALE,72,LBL00142,EARRING,916,10.513,10.371,0.018,9.5,58825.74,5782.01,2025-10-13
STORE_3,522,STORE_3_V10521,2025-10-14,SALE,38,LBL00047,CHAIN,585,52.917,52.529,0.093,30.729,185878.83,5726.94,2025-10-14
STORE_3,523,STORE_3_V10522,2025-10-14,SALE,49,LBL00157,BRACELET,750,16.267,16.031,0.0,12.023,75322.04,5893.92,2025-10-14
STORE_3,524,STORE_3_V10523,2025-10-14,SALE,58,LBL00069,EARRING,750,8.577,8.265,0.0,6.199,34909.47,5233.3,2025-10-14
STORE_3,525,STORE_3_V10524,2025-10-14,SALE,50,LBL00027,PENDANT,916,8.041,7.947,0.012,7.279,42741.3,5398.86,2025-10-14
STORE_3,526,STORE_3_V10525,2025-10-14,SALE,70,LBL00071,EARRING,916,9.552,9.219,0.0,8.445,52298.6,5635.32,2025-10-14
STORE_3,527,STORE_3_V10526,2025-10-14,SALE,35,LBL00057,PENDANT,585,9.641,9.316,0.07,5.45,31122.49,5387.99,2025-10-14
STORE_3,528,STORE_3_V10527,2025-10-14,SALE,18,LBL00112,RING,916,6.111,5.52,0.024,5.056,33217.22,5933.28,2025-10-14
STORE_3,529,STORE_3_V10528,2025-10-14,SALE,78,LBL00114,BANGLE,585,38.482,38.132,0.001,22.307,133610.1,5820.61,2025-10-14
STORE_3,530,STORE_3_V10529,2025-10-14,SALE,28,LBL00019,PENDANT,916,9.766,9.167,0.0,8.397,52894.85,5766.03,2025-10-14
STORE_3,531,STORE_3_V10530,2025-10-15,SALE,97,LBL00170,BANGLE,916,27.07,26.478,0.0,24.254,154845.9,5849.29,2025-10-15
STORE_3,532,STORE_3_V10531,2025-10-15,SALE,30,LBL00028,EARRING,916,14.426,14.29,0.045,13.09,80723.96,5469.34,2025-10-15
STORE_3,533,STORE_3_V10532,2025-10-15,SALE,118,LBL00012,NECKLACE,916,58.674,58.514,0.051,53.599,325114.92,5511.43,2025-10-15
STORE_3,534,STORE_3_V10533,2025-10-15,SALE,3,LBL00180,BRACELET,916,5.808,5.261,0.018,4.819,27720.98,5424.07,2025-10-15
STORE_3,535,STORE_3_V10534,2025-10-15,SALE,34,LBL00038,CHAIN,916,36.34,36.257,0.0,33.211,209246.09,5689.95,2025-10-15
STORE_3,536,STORE_3_V10535,2025-10-15,SALE,38,LBL00179,NECKLACE,916,18.542,18.371,0.042,16.828,105297.78,5829.27,2025-10-15
STORE_3,537,STORE_3_V10536,2025-10-15,SALE,62,LBL00190,BRACELET,750,27.103,26.564,0.0,19.923,110761.41,5315.65,2025-10-15
STORE_3,538,STORE_3_V10537,2025-10-15,SALE,74,LBL00138,PENDANT,916,7.735,7.281,0.0,6.669,43068.79,5908.84,2025-10-15
STORE_3,539,STORE_3_V10538,2025-10-15,SALE,52,LBL00222,RING,916,1.973,1.691,0.015,1.549,9158.84,5419.12,2025-10-15
STORE_3,540,STORE_3_V10539,2025-10-15,SALE,67,LBL00106,EARRING,916,10.907,10.397,0.0,9.524,60044.79,5825.41,2025-10-15
STORE_3,541,STORE_3_V10540,2025-10-15,SALE,51,LBL00236,RING,916,8.415,8.035,0.011,7.36,44944.22,5665.77,2025-10-15
STORE_3,542,STORE_3_V10541,2025-10-15,SALE,118,LBL00207,BRACELET,916,31.787,31.63,0.04,28.973,175311.85,5667.26,2025-10-15
STORE_3,543,STORE_3_V10542,2025-10-16,SALE,73,LBL00098,BANGLE,916,39.209,39.015,0.0,35.738,225550.94,5645.67,2025-10-16
STORE_3,544,STORE_3_V10543,2025-10-16,SALE,85,LBL00206,EARRING,916,7.602,7.563,0.0,6.928,43275.6,5741.5,2025-10-16
STORE_3,545,STORE_3_V10544,2025-10-16,SALE,109,LBL00015,NECKLACE,916,31.248,30.832,0.05,28.242,170507.75,5401.17,2025-10-16
STORE_3,546,STORE_3_V10545,2025-10-16,SALE,89,LBL00228,BRACELET,750,18.712,18.676,0.0,14.007,80503.92,5281.2,2025-10-16
STORE_3,547,STORE_3_V10546,2025-10-16,SALE,30,LBL00016,PENDANT,585,9.161,8.66,0.075,5.066,31300.35,5622.0,2025-10-16
STORE_3,548,STORE_3_V10547,2025-10-16,SALE,41,LBL00108,BRACELET,916,17.82,17.663,0.0,16.179,96050.41,5639.18,2025-10-16
STORE_3,549,STORE_3_V10548,2025-10-16,SALE,8,LBL00154,EARRING,916,10.15,9.916,0.0,9.083,55685.8,5649.79,2025-10-16
STORE_3,550,STORE_3_V10549,2025-10-16,SALE,104,LBL00078,PENDANT,916,10.817,10.727,0.097,9.826,55865.14,5403.91,2025-10-16
STORE_3,551,STORE_3_V10550,2025-10-16,SALE,49,LBL00236,RING,916,8.336,7.737,0.016,7.087,44108.34,5754.5,2025-10-16
STORE_3,552,STORE_3_V10551,2025-10-16,SALE,56,LBL00112,RING,916,6.051,5.747,0.0,5.264,30199.2,5536.6,2025-10-16
STORE_3,553,STORE_3_V10552,2025-10-16,SALE,102,LBL00210,PENDANT,585,10.756,10.196,0.008,5.965,35969.29,5485.39,2025-10-16
STORE_3,554,STORE_3_V10553,2025-10-16,SALE,69,LBL00088,BANGLE,585,3.601,3.064,0.045,1.792,12283.81,5906.39,2025-10-16
STORE_3,555,STORE_3_V10554,2025-10-17,SALE,101,LBL00050,BANGLE,916,22.434,22.125,0.003,20.267,119230.2,5318.56,2025-10-17
STORE_3,556,STORE_3_V10555,2025-10-17,SALE,34,LBL00095,CHAIN,585,15.109,14.628,0.039,8.557,52441.32,5835.82,2025-10-17
STORE_3,557,STORE_3_V10556,2025-10-17,SALE,44,LBL00108,BRACELET,916,20.631,20.208,0.0,18.511,113538.87,5677.33,2025-10-17
STORE_3,558,STORE_3_V10557,2025-10-17,SALE,30,LBL00089,PENDANT,916,2.085,1.529,0.0,1.401,8284.75,5707.82,2025-10-17
STORE_3,559,STORE_3_V10558,2025-10-17,SALE,16,LBL00048,RING,916,5.024,4.911,0.004,4.498,27704.76,5769.86,2025-10-17
STORE_3,560,STORE_3_V10559,2025-10-17,SALE,113,LBL00247,PENDANT,916,10.652,10.36,0.016,9.49,53342.42,5321.05,2025-10-17
STORE_3,561,STORE_3_V10560,2025-10-17,SALE,50,LBL00018,NECKLACE,585,55.733,55.707,0.0,32.589,192403.9,5732.04,2025-10-17
STORE_3,562,STORE_3_V10561,2025-10-17,SALE,117,LBL00096,EARRING,916,12.232,11.648,0.082,10.67,64645.93,5404.61,2025-10-17
STORE_3,563,STORE_3_V10562,2025-10-17,SALE,50,LBL00164,BANGLE,585,15.347,14.751,0.0,8.629,52228.68,5925.29,2025-10-17
STORE_3,564,STORE_3_V10563,2025-10-17,SALE,76,LBL00122,RING,916,9.628,9.313,0.024,8.531,51562.29,5578.59,2025-10-17
STORE_3,565,STORE_3_V10564,2025-10-17,SALE,112,LBL00051,PENDANT,916,4.854,4.797,0.06,4.394,28486.7,5898.36,2025-10-17
STORE_3,566,STORE_3_V10565,2025-10-18,SALE,103,LBL00239,PENDANT,750,9.273,9.102,0.0,6.827,39409.67,5517.11,2025-10-18
STORE_3,567,STORE_3_V10566,2025-10-18,SALE,82,LBL00043,PENDANT,916,11.451,10.962,0.0,10.041,55202.48,5304.3,2025-10-18
STORE_3,568,STORE_3_V10567,2025-10-18,SALE,68,LBL00053,CHAIN,916,21.679,21.521,0.017,19.713,119094.09,5532.51,2025-10-18
STORE_3,569,STORE_3_V10568,2025-10-18,SALE,50,LBL00187,CHAIN,916,29.037,28.516,0.005,26.121,164139.71,5621.19,2025-10-18
STORE_3,570,STORE_3_V10569,2025-10-19,SALE,34,LBL00095,CHAIN,585,14.497,13.928,0.0,8.148,46571.64,5313.24,2025-10-19
STORE_3,571,STORE_3_V10570,2025-10-19,SALE,30,LBL00193,EARRING,916,9.853,9.546,0.007,8.744,56291.64,5762.98,2025-10-19
STORE_3,572,STORE_3_V10571,2025-10-19,SALE,5,LBL00013,RING,750,9.699,9.29,0.013,6.967,41773.63,5691.77,2025-10-19
STORE_3,573,STORE_3_V10572,2025-10-19,SALE,44,LBL00120,EARRING,916,10.082,9.636,0.0,8.827,48189.46,5279.84,2025-10-19
STORE_3,574,STORE_3_V10573,2025-10-19,SALE,20,LBL00050,BANGLE,916,22.56,21.999,0.014,20.151,124151.33,5609.15,2025-10-19
STORE_3,575,STORE_3_V10574,2025-10-19,SALE,63,LBL00188,BRACELET,916,23.278,22.866,0.073,20.945,133337.92,5928.05,2025-10-19
STORE_3,576,STORE_3_V10575,2025-10-19,SALE,100,LBL00231,EARRING,750,12.821,12.576,0.0,9.432,55575.04,5434.83,2025-10-19
STORE_3,577,STORE_3_V10576,2025-10-19,SALE,22,LBL00191,BANGLE,916,12.834,12.535,0.0,11.482,71766.75,5820.31,2025-10-19
STORE_3,578,STORE_3_V10577,2025-10-19,SALE,22,LBL00176,BRACELET,585,28.273,27.779,0.018,16.251,91647.04,5234.02,2025-10-19
STORE_3,579,STORE_3_V10578,2025-10-20,SALE,101,LBL00156,NECKLACE,585,48.193,47.955,0.0,28.054,165572.02,5407.27,2025-10-20
STORE_3,580,STORE_3_V10579,2025-10-20,SALE,5,LBL00050,BANGLE,916,20.137,19.899,0.0,18.227,112881.46,5614.9,2025-10-20
STORE_3,581,STORE_3_V10580,2025-10-20,SALE,80,LBL00069,EARRING,750,8.554,8.017,0.017,6.013,36206.71,5854.98,2025-10-20
STORE_3,582,STORE_3_V10581,2025-10-20,SALE,118,LBL00220,BANGLE,916,55.042,54.523,0.0,49.943,303574.55,5736.34,2025-10-20
STORE_3,583,STORE_3_V10582,2025-10-20,SALE,65,LBL00122,RING,916,10.331,10.152,0.0,9.299,52777.51,5471.92,2025-10-20
STORE_3,584,STORE_3_V10583,2025-10-20,SALE,33,LBL00066,BRACELET,916,9.823,9.272,0.005,8.493,51865.52,5530.66,2025-10-20
STORE_3,585,STORE_3_V10584,2025-10-20,SALE,105,LBL00054,RING,916,5.279,4.953,0.014,4.537,27526.14,5564.7,2025-10-20
STORE_3,586,STORE_3_V10585,2025-10-21,SALE,101,LBL00181,NECKLACE,750,14.889,14.553,0.0,10.915,69007.17,5690.4,2025-10-21
STORE_3,587,STORE_3_V10586,2025-10-21,SALE,86,LBL00186,BANGLE,916,17.129,16.93,0.012,15.508,97252.19,5608.69,2025-10-21
STORE_3,588,STORE_3_V10587,2025-10-21,SALE,85,LBL00132,EARRING,750,11.31,11.149,0.074,8.362,53331.98,5799.79,2025-10-21
STORE_3,589,STORE_3_V10588,2025-10-21,SALE,76,LBL00109,NECKLACE,916,19.091,18.77,0.0,17.193,107156.34,5771.5,2025-10-21
STORE_3,590,STORE_3_V10589,2025-10-21,SALE,41,LBL00079,CHAIN,750,11.772,11.478,0.0,8.608,50364.36,5299.83,2025-10-21
STORE_3,591,STORE_3_V10590,2025-10-21,SALE,18,LBL00175,RING,916,2.623,2.463,0.0,2.256,13040.4,5289.02,2025-10-21
STORE_3,592,STORE_3_V10591,2025-10-21,SALE,70,LBL00154,EARRING,916,11.124,10.673,0.036,9.776,54580.58,5350.15,2025-10-21
STORE_3,593,STORE_3_V10592,2025-10-21,SALE,107,LBL00053,CHAIN,916,19.365,19.027,0.0,17.429,97148.33,5341.35,2025-10-21
STORE_3,594,STORE_3_V10593,2025-10-21,SALE,102,LBL00146,BANGLE,916,2.89,2.819,0.0,2.582,15738.07,5696.56,2025-10-21
STORE_3,595,STORE_3_V10594,2025-10-21,SALE,118,LBL00101,NECKLACE,916,47.202,46.71,0.021,42.786,253560.85,5348.27,2025-10-21
STORE_3,596,STORE_3_V10595,2025-10-21,SALE,7,LBL00237,BRACELET,750,27.682,27.252,0.092,20.439,114134.01,5344.97,2025-10-21
STORE_3,597,STORE_3_V10596,2025-10-21,SALE,15,LBL00209,BANGLE,916,25.656,25.637,0.0,23.483,125962.42,5226.51,2025-10-21
STORE_3,598,STORE_3_V10597,2025-10-22,SALE,60,LBL00099,BRACELET,916,40.188,39.922,0.0,36.569,211829.41,5246.31,2025-10-22
STORE_3,599,STORE_3_V10598,2025-10-22,SALE,86,LBL00153,CHAIN,916,54.895,54.373,0.036,49.806,284893.49,5312.02,2025-10-22
STORE_3,600,STORE_3_V10599,2025-10-22,SALE,38,LBL00210,PENDANT,585,10.44,10.318,0.04,6.036,37047.24,5431.47,2025-10-22
STORE_3,601,STORE_3_V10600,2025-10-22,SALE,115,LBL00061,EARRING,916,11.126,10.79,0.013,9.884,57971.2,5683.42,2025-10-22
STORE_3,602,STORE_3_V10601,2025-10-22,SALE,97,LBL00131,NECKLACE,585,11.321,11.283,0.014,6.601,42086.35,5784.87,2025-10-22
STORE_3,603,STORE_3_V10602,2025-10-22,SALE,83,LBL00141,EARRING,585,15.27,15.178,0.006,8.879,56075.57,5844.44,2025-10-22
STORE_3,604,STORE_3_V10603,2025-10-22,SALE,87,LBL00214,BRACELET,916,35.086,34.61,0.0,31.703,204044.83,5749.33,2025-10-22
STORE_3,605,STORE_3_V10604,2025-10-22,SALE,107,LBL00118,EARRING,750,11.004,10.551,0.0,7.913,48171.66,5809.42,2025-10-22
STORE_3,606,STORE_3_V10605,2025-10-22,SALE,96,LBL00085,CHAIN,916,58.484,58.127,0.042,53.244,323521.91,5461.96,2025-10-22
STORE_3,607,STORE_3_V10606,2025-10-22,SALE,56,LBL00012,NECKLACE,916,54.628,54.363,0.021,49.797,269393.9,5290.8,2025-10-22
STORE_3,608,STORE_3_V10607,2025-10-22,SALE,51,LBL00166,CHAIN,916,22.243,21.692,0.017,19.87,124444.89,5731.91,2025-10-22
STORE_3,609,STORE_3_V10608,2025-10-22,SALE,29,LBL00229,BANGLE,916,33.524,32.932,0.0,30.166,174388.72,5612.28,2025-10-22
STORE_3,610,STORE_3_V10609,2025-10-23,SALE,80,LBL00198,BANGLE,916,4.741,4.454,0.062,4.08,25024.85,5487.61,2025-10-23
STORE_3,611,STORE_3_V10610,2025-10-23,SALE,56,LBL00050,BANGLE,916,21.158,20.9,0.0,19.144,109441.52,5325.69,2025-10-23
STORE_3,612,STORE_3_V10611,2025-10-23,SALE,73,LBL00146,BANGLE,916,3.102,2.725,0.0,2.496,14159.56,5553.27,2025-10-23
STORE_3,613,STORE_3_V10612,2025-10-23,SALE,70,LBL00060,CHAIN,585,19.115,18.849,0.052,11.027,65398.19,5679.22,2025-10-23
STORE_3,614,STORE_3_V10613,2025-10-23,SALE,88,LBL00136,EARRING,916,5.602,5.202,0.039,4.765,26309.54,5276.94,2025-10-23
STORE_3,615,STORE_3_V10614,2025-10-23,SALE,76,LBL00206,EARRING,916,7.327,7.064,0.009,6.471,36541.04,5280.44,2025-10-23
STORE_3,616,STORE_3_V10615,2025-10-23,SALE,3,LBL00097,RING,916,2.467,2.048,0.0,1.876,11435.56,5899.44,2025-10-23
STORE_3,617,STORE_3_V10616,2025-10-23,SALE,90,LBL00226,NECKLACE,750,44.832,44.371,0.009,33.278,211143.96,5913.83,2025-10-23
STORE_3,618,STORE_3_V10617,2025-10-23,SALE,107,LBL00144,EARRING,916,7.378,6.853,0.001,6.277,40001.82,5924.11,2025-10-23
STORE_3,619,STORE_3_V10618,2025-10-23,SALE,98,LBL00002,RING,750,6.896,6.329,0.037,4.747,26520.16,5324.53,2025-10-23
STORE_3,620,STORE_3_V10619,2025-10-23,SALE,47,LBL00119,PENDANT,916,10.101,9.893,0.019,9.062,51700.71,5309.21,2025-10-23
STORE_3,621,STORE_3_V10620,2025-10-23,SALE,91,LBL00075,RING,916,2.309,2.246,0.0,2.057,11749.66,5500.34,2025-10-23
STORE_3,622,STORE_3_V10621,2025-10-24,SALE,70,LBL00025,EARRING,916,13.726,13.319,0.014,12.2,70648.29,5290.71,2025-10-24
STORE_3,623,STORE_3_V10622,2025-10-24,SALE,18,LBL00104,EARRING,916,13.5,13.233,0.0,12.121,73204.63,5656.26,2025-10-24
STORE_3,624,STORE_3_V10623,2025-10-24,SALE,76,LBL00132,EARRING,750,11.62,11.566,0.0,8.675,56450.95,5855.37,2025-10-24
STORE_3,625,STORE_3_V10624,2025-10-24,SALE,93,LBL00068,BRACELET,916,28.586,28.144,0.018,25.78,147206.74,5300.24,2025-10-24
STORE_3,626,STORE_3_V10625,2025-10-24,SALE,38,LBL00175,RING,916,2.327,2.097,0.0,1.921,11470.46,5782.34,2025-10-24
STORE_3,627,STORE_3_V10626,2025-10-24,SALE,74,LBL00217,PENDANT,750,3.02,2.926,0.01,2.195,12507.26,5225.04,2025-10-24
STORE_3,628,STORE_3_V10627,2025-10-24,SALE,94,LBL00241,NECKLACE,585,67.856,67.817,0.011,39.673,239751.44,5728.45,2025-10-24
STORE_3,629,STORE_3_V10628,2025-10-25,SALE,7,LBL00244,BANGLE,916,19.655,19.374,0.0,17.747,106508.51,5424.09,2025-10-25
STORE_3,630,STORE_3_V10629,2025-10-25,SALE,65,LBL00046,RING,916,6.931,6.825,0.061,6.252,41525.17,5859.51,2025-10-25
STORE_3,631,STORE_3_V10630,2025-10-25,SALE,1,LBL00072,BANGLE,585,2.525,2.481,0.026,1.451,9822.84,5900.9,2025-10-25
STORE_3,632,STORE_3_V10631,2025-10-25,SALE,21,LBL00047,CHAIN,585,43.776,43.36,0.012,25.366,143554.79,5322.42,2025-10-25
STORE_3,633,STORE_3_V10632,2025-10-25,SALE,120,LBL00100,CHAIN,916,58.325,57.995,0.0,53.123,307694.83,5272.13,2025-10-25
STORE_3,634,STORE_3_V10633,2025-10-25,SALE,72,LBL00242,CHAIN,750,43.97,43.582,0.0,32.687,205853.12,5635.67,2025-10-25
STORE_3,635,STORE_3_V10634,2025-10-25,SALE,23,LBL00157,BRACELET,750,17.414,16.906,0.0,12.679,75921.58,5694.71,2025-10-25
STORE_3,636,STORE_3_V10635,2025-10-25,SALE,11,LBL00110,EARRING,750,12.828,12.377,0.0,9.283,55099.12,5387.6,2025-10-25
STORE_3,637,STORE_3_V10636,2025-10-25,SALE,57,LBL00204,BRACELET,916,4.771,4.73,0.014,4.333,24494.37,5256.35,2025-10-25
STORE_3,638,STORE_3_V10637,2025-10-25,SALE,56,LBL00208,EARRING,916,5.478,5.118,0.0,4.688,29005.3,5570.96,2025-10-25
STORE_3,639,STORE_3_V10638,2025-10-25,SALE,84,LBL00213,PENDANT,585,6.011,5.95,0.057,3.481,21548.85,5448.26,2025-10-25
STORE_3,640,STORE_3_V10639,2025-10-25,SALE,38,LBL00179,NECKLACE,916,17.466,17.322,0.0,15.867,94272.85,5598.16,2025-10-25
STORE_3,641,STORE_3_V10640,2025-10-26,SALE,28,LBL00147,NECKLACE,916,9.898,9.378,0.017,8.59,51118.34,5650.55,2025-10-26
STORE_3,642,STORE_3_V10641,2025-10-26,SALE,99,LBL00121,BANGLE,585,41.843,41.765,0.0,24.433,151630.18,5792.02,2025-10-26
STORE_3,643,STORE_3_V10642,2025-10-26,SALE,61,LBL00037,NECKLACE,585,70.007,69.878,0.016,40.879,240045.88,5284.09,2025-10-26
STORE_3,644,STORE_3_V10643,2025-10-26,SALE,100,LBL00186,BANGLE,916,17.438,17.386,0.007,15.926,93350.23,5334.92,2025-10-26
STORE_3,645,STORE_3_V10644,2025-10-26,SALE,79,LBL00170,BANGLE,916,24.502,24.254,0.0,22.217,135643.93,5863.07,2025-10-26
STORE_3,646,STORE_3_V10645,2025-10-26,SALE,101,LBL00226,NECKLACE,750,48.605,48.129,0.009,36.097,224122.93,5599.67,2025-10-26
STORE_3,647,STORE_3_V10646,2025-10-26,SALE,44,LBL00062,BANGLE,916,33.313,32.789,0.0,30.035,175036.48,5268.24,2025-10-26
STORE_3,648,STORE_3_V10647,2025-10-26,SALE,56,LBL00140,PENDANT,750,5.174,5.141,0.022,3.856,23011.72,5645.62,2025-10-26
STORE_3,649,STORE_3_V10648,2025-10-26,SALE,33,LBL00184,BANGLE,916,41.337,40.801,0.05,37.374,235160.14,5616.22,2025-10-26
STORE_3,650,STORE_3_V10649,2025-10-26,SALE,103,LBL00082,CHAIN,916,31.412,31.268,0.008,28.641,156365.92,5323.6,2025-10-26
STORE_3,651,STORE_3_V10650,2025-10-26,SALE,7,LBL00086,RING,916,7.912,7.639,0.046,6.997,43153.68,5728.85,2025-10-26
STORE_3,652,STORE_3_V10651,2025-10-27,SALE,43,LBL00159,EARRING,750,2.889,2.671,0.019,2.003,11796.68,5339.01,2025-10-27
STORE_3,653,STORE_3_V10652,2025-10-27,SALE,106,LBL00187,CHAIN,916,28.32,28.304,0.0,25.926,155319.56,5463.31,2025-10-27
STORE_3,654,STORE_3_V10653,2025-10-27,SALE,6,LBL00028,EARRING,916,15.198,14.897,0.015,13.646,84248.89,5701.25,2025-10-27
STORE_3,655,STORE_3_V10654,2025-10-27,SALE,30,LBL00228,BRACELET,750,19.435,19.366,0.0,14.524,86401.97,5555.83,2025-10-27
STORE_3,656,STORE_3_V10655,2025-10-27,SALE,13,LBL00100,CHAIN,916,59.615,59.25,0.0,54.273,343297.51,5800.89,2025-10-27
STORE_3,657,STORE_3_V10656,2025-10-27,SALE,88,LBL00114,BANGLE,585,41.148,40.908,0.0,23.931,136951.08,5242.01,2025-10-27
STORE_3,658,STORE_3_V10657,2025-10-27,SALE,118,LBL00095,CHAIN,585,15.629,15.481,0.014,9.056,49870.85,5284.46,2025-10-27
STORE_3,659,STORE_3_V10658,2025-10-27,SALE,115,LBL00001,PENDANT,916,9.747,9.688,0.0,8.874,57214.11,5869.3,2025-10-27
STORE_3,660,STORE_3_V10659,2025-10-27,SALE,73,LBL00231,EARRING,750,13.213,12.992,0.0,9.744,62363.66,5839.85,2025-10-27
STORE_3,661,STORE_3_V10660,2025-10-27,SALE,118,LBL00180,BRACELET,916,5.427,5.387,0.002,4.934,29007.25,5378.44,2025-10-27
STORE_3,662,STORE_3_V10661,2025-10-28,SALE,113,LBL00233,CHAIN,916,53.432,53.217,0.026,48.747,299812.22,5678.11,2025-10-28
STORE_3,663,STORE_3_V10662,2025-10-28,SALE,57,LBL00009,BANGLE,916,14.518,14.341,0.005,13.136,75719.0,5541.7,2025-10-28
STORE_3,664,STORE_3_V10663,2025-10-28,SALE,60,LBL00034,BANGLE,750,29.732,29.371,0.0,22.028,136224.42,5731.43,2025-10-28
STORE_3,665,STORE_3_V10664,2025-10-28,SALE,83,LBL00094,NECKLACE,916,57.376,57.349,0.0,52.532,313209.86,5817.9,2025-10-28
STORE_3,666,STORE_3_V10665,2025-10-29,SALE,87,LBL00074,NECKLACE,916,33.491,33.114,0.015,30.332,173103.67,5233.73,2025-10-29
STORE_3,667,STORE_3_V10666,2025-10-29,SALE,16,LBL00149,CHAIN,750,16.142,16.13,0.003,12.098,66160.38,5247.47,2025-10-29
STORE_3,668,STORE_3_V10667,2025-10-29,SALE,65,LBL00012,NECKLACE,916,57.694,57.323,0.001,52.508,319116.24,5613.07,2025-10-29
STORE_3,669,STORE_3_V10668,2025-10-29,SALE,13,LBL00233,CHAIN,916,58.227,57.653,0.018,52.81,310683.07,5665.87,2025-10-29
STORE_3,670,STORE_3_V10669,2025-10-29,SALE,46,LBL00140,PENDANT,750,5.537,5.323,0.0,3.992,24049.47,5715.51,2025-10-29
STORE_3,671,STORE_3_V10670,2025-10-29,SALE,47,LBL00012,NECKLACE,916,50.045,49.806,0.0,45.622,290571.36,5914.08,2025-10-29
STORE_3,672,STORE_3_V10671,2025-10-29,SALE,2,LBL00148,CHAIN,750,55.048,54.658,0.029,40.993,269074.46,5899.18,2025-10-29
STORE_3,673,STORE_3_V10672,2025-10-29,SALE,8,LBL00141,EARRING,585,14.921,14.868,0.036,8.698,50138.43,5566.41,2025-10-29
STORE_3,674,STORE_3_V10673,2025-10-29,SALE,115,LBL00179,NECKLACE,916,19.787,19.634,0.025,17.985,106623.44,5721.49,2025-10-29
STORE_3,675,STORE_3_V10674,2025-10-30,SALE,25,LBL00170,BANGLE,916,24.119,23.773,0.006,21.776,139542.97,5724.71,2025-10-30
STORE_3,676,STORE_3_V10675,2025-10-30,SALE,29,LBL00221,PENDANT,916,8.991,8.969,0.025,8.216,50249.44,5494.54,2025-10-30
STORE_3,677,STORE_3_V10676,2025-10-30,SALE,43,LBL00041,RING,916,9.154,8.95,0.0,8.198,45821.14,5473.78,2025-10-30
STORE_3,678,STORE_3_V10677,2025-10-30,SALE,28,LBL00127,BRACELET,916,9.359,8.768,0.005,8.031,49006.12,5867.67,2025-10-30
STORE_3,679,STORE_3_V10678,2025-10-30,SALE,59,LBL00028,EARRING,916,13.879,13.552,0.0,12.414,76502.84,5673.83,2025-10-30
STORE_3,680,STORE_3_V10679,2025-10-30,SALE,90,LBL00147,NECKLACE,916,9.766,9.296,0.0,8.515,51260.48,5445.02,2025-10-30
STORE_3,681,STORE_3_V10680,2025-10-31,SALE,95,LBL00004,RING,916,1.032,0.557,0.004,0.51,3237.09,5864.95,2025-10-31
STORE_3,682,STORE_3_V10681,2025-10-31,SALE,6,LBL00174,NECKLACE,916,37.615,37.395,0.0,34.254,217768.62,5910.74,2025-10-31
STORE_3,683,STORE_3_V10682,2025-10-31,SALE,66,LBL00106,EARRING,916,8.994,8.835,0.0,8.093,48880.41,5870.54,2025-10-31
